::1 - - [09/Aug/2026 14:47:49] "GET / HTTP/1.1" 200 -
::1 - - [09/Aug/2026 14:48:41] "GET / HTTP/1.1" 200 -
::1 - - [09/Aug/2026 14:48:41] "GET /site.css HTTP/1.1" 200 -
::1 - - [09/Aug/2026 14:48:41] "GET /assets/stairs-final.jpg HTTP/1.1" 200 -
::1 - - [09/Aug/2026 14:48:41] "GET /assets/hero-duo-mobile-final.jpg HTTP/1.1" 200 -
::1 - - [09/Aug/2026 14:48:41] "GET /site.js HTTP/1.1" 200 -
::1 - - [09/Aug/2026 14:48:41] "GET /assets/hero-duo-final.jpg HTTP/1.1" 200 -
::1 - - [09/Aug/2026 14:48:41] "GET /assets/sasha-wall.jpg HTTP/1.1" 200 -
::1 - - [09/Aug/2026 14:48:41] "GET /assets/sasha-closer.jpg HTTP/1.1" 200 -
::1 - - [09/Aug/2026 14:48:41] "GET /assets/favicon.svg HTTP/1.1" 200 -
::1 - - [09/Aug/2026 14:48:56] "GET / HTTP/1.1" 200 -
::1 - - [09/Aug/2026 14:48:56] "GET /assets/hero-duo-final.jpg HTTP/1.1" 200 -
::1 - - [09/Aug/2026 14:48:56] "GET /site.css HTTP/1.1" 200 -
::1 - - [09/Aug/2026 14:48:56] "GET /assets/stairs-final.jpg HTTP/1.1" 200 -
::1 - - [09/Aug/2026 14:48:56] "GET /site.js HTTP/1.1" 200 -
::1 - - [09/Aug/2026 14:48:56] "GET /assets/sasha-wall.jpg HTTP/1.1" 200 -
::1 - - [09/Aug/2026 14:48:56] "GET /assets/sasha-closer.jpg HTTP/1.1" 200 -
::1 - - [09/Aug/2026 14:48:56] "GET /assets/favicon.svg HTTP/1.1" 200 -
::1 - - [09/Aug/2026 14:49:07] "GET /assets/alina-portrait-final.jpg HTTP/1.1" 200 -
::1 - - [09/Aug/2026 14:49:07] "GET /assets/sasha-portrait.jpg HTTP/1.1" 200 -
::1 - - [09/Aug/2026 14:51:52] "GET /assets/case-eco-bitrix.jpg HTTP/1.1" 200 -
::1 - - [09/Aug/2026 14:51:52] "GET /assets/case-eco-catalog.jpg HTTP/1.1" 200 -
::1 - - [09/Aug/2026 14:51:52] "GET /assets/case-new-site.jpg HTTP/1.1" 200 -
::1 - - [09/Aug/2026 14:51:55] "GET /assets/case-drilling.jpg HTTP/1.1" 200 -
::1 - - [09/Aug/2026 14:52:08] "GET /assets/case-analysis-desk.jpg HTTP/1.1" 200 -
::1 - - [09/Aug/2026 14:52:17] "GET /assets/case-eco-mobile-full.jpg HTTP/1.1" 200 -
::1 - - [09/Aug/2026 14:52:17] "GET /assets/case-old-site-desktop.jpg HTTP/1.1" 200 -
::1 - - [09/Aug/2026 14:52:26] "GET /assets/case-system-bitrix.jpg HTTP/1.1" 200 -
::1 - - [09/Aug/2026 14:52:26] "GET /assets/case-system-kp.jpg HTTP/1.1" 200 -
::1 - - [09/Aug/2026 14:52:26] "GET /assets/case-system-academy.jpg HTTP/1.1" 200 -
::1 - - [09/Aug/2026 14:52:26] "GET /assets/case-system-timeline.jpg HTTP/1.1" 200 -
::1 - - [09/Aug/2026 14:53:00] "GET / HTTP/1.1" 200 -
::1 - - [09/Aug/2026 14:53:00] "GET /assets/stairs-no-text.png HTTP/1.1" 200 -
::1 - - [09/Aug/2026 14:53:44] "GET / HTTP/1.1" 200 -
::1 - - [09/Aug/2026 14:53:44] "GET /assets/hero-duo-final.jpg HTTP/1.1" 304 -
::1 - - [09/Aug/2026 14:53:44] "GET /site.css HTTP/1.1" 304 -
::1 - - [09/Aug/2026 14:53:44] "GET /assets/stairs-no-text.png HTTP/1.1" 200 -
::1 - - [09/Aug/2026 14:53:44] "GET /site.js HTTP/1.1" 304 -
::1 - - [09/Aug/2026 14:53:44] "GET /assets/case-old-site-desktop.jpg HTTP/1.1" 304 -
::1 - - [09/Aug/2026 14:53:44] "GET /assets/sasha-portrait.jpg HTTP/1.1" 304 -
::1 - - [09/Aug/2026 14:53:44] "GET /assets/alina-portrait-final.jpg HTTP/1.1" 304 -
::1 - - [09/Aug/2026 14:53:44] "GET /assets/case-new-site.jpg HTTP/1.1" 304 -
::1 - - [09/Aug/2026 14:53:44] "GET /assets/case-eco-catalog.jpg HTTP/1.1" 304 -
::1 - - [09/Aug/2026 14:53:44] "GET /assets/case-eco-bitrix.jpg HTTP/1.1" 304 -
::1 - - [09/Aug/2026 14:53:44] "GET /assets/case-analysis-desk.jpg HTTP/1.1" 304 -
::1 - - [09/Aug/2026 14:53:44] "GET /assets/case-eco-mobile-full.jpg HTTP/1.1" 304 -
::1 - - [09/Aug/2026 14:53:44] "GET /assets/case-system-kp.jpg HTTP/1.1" 304 -
::1 - - [09/Aug/2026 14:53:44] "GET /assets/case-system-bitrix.jpg HTTP/1.1" 304 -
::1 - - [09/Aug/2026 14:53:44] "GET /assets/case-system-timeline.jpg HTTP/1.1" 304 -
::1 - - [09/Aug/2026 14:53:44] "GET /assets/case-system-academy.jpg HTTP/1.1" 304 -
::1 - - [09/Aug/2026 14:53:44] "GET /assets/case-drilling.jpg HTTP/1.1" 304 -
::1 - - [09/Aug/2026 14:53:44] "GET /assets/sasha-wall.jpg HTTP/1.1" 304 -
::1 - - [09/Aug/2026 14:53:44] "GET /assets/sasha-closer.jpg HTTP/1.1" 304 -
::1 - - [09/Aug/2026 14:53:44] "GET /assets/favicon.svg HTTP/1.1" 304 -
::1 - - [09/Aug/2026 14:54:51] "GET / HTTP/1.1" 200 -
::1 - - [09/Aug/2026 14:54:51] "GET /assets/stairs-no-text.png HTTP/1.1" 200 -
::1 - - [09/Aug/2026 14:54:51] "GET /assets/hero-duo-mobile-final.jpg HTTP/1.1" 304 -
::1 - - [09/Aug/2026 14:54:51] "GET /site.js HTTP/1.1" 304 -
::1 - - [09/Aug/2026 14:54:51] "GET /site.css HTTP/1.1" 304 -
::1 - - [09/Aug/2026 14:54:51] "GET /assets/hero-duo-final.jpg HTTP/1.1" 304 -
::1 - - [09/Aug/2026 14:54:51] "GET /assets/sasha-wall.jpg HTTP/1.1" 304 -
::1 - - [09/Aug/2026 14:54:51] "GET /assets/sasha-closer.jpg HTTP/1.1" 304 -
::1 - - [09/Aug/2026 14:54:51] "GET /assets/favicon.svg HTTP/1.1" 304 -
::1 - - [09/Aug/2026 14:55:12] "GET / HTTP/1.1" 304 -
::1 - - [09/Aug/2026 14:55:13] "GET / HTTP/1.1" 304 -
::1 - - [09/Aug/2026 14:55:13] "GET / HTTP/1.1" 304 -
::1 - - [09/Aug/2026 14:55:14] "GET / HTTP/1.1" 304 -
::1 - - [09/Aug/2026 14:55:14] "GET / HTTP/1.1" 304 -
::1 - - [09/Aug/2026 14:55:15] "GET / HTTP/1.1" 304 -
::1 - - [09/Aug/2026 14:55:15] "GET / HTTP/1.1" 304 -
::1 - - [09/Aug/2026 14:57:13] "GET /assets/hero-duo-mobile-final.jpg HTTP/1.1" 200 -
::1 - - [09/Aug/2026 14:57:13] "GET /assets/case-old-site-mobile.jpg HTTP/1.1" 200 -
::1 - - [09/Aug/2026 14:57:15] "GET /assets/case-old-site-desktop.jpg HTTP/1.1" 304 -
::1 - - [09/Aug/2026 14:57:51] "GET / HTTP/1.1" 304 -
::1 - - [09/Aug/2026 14:57:51] "GET /assets/hero-duo-final.jpg HTTP/1.1" 304 -
::1 - - [09/Aug/2026 14:57:51] "GET /site.css HTTP/1.1" 304 -
::1 - - [09/Aug/2026 14:57:51] "GET /site.js HTTP/1.1" 304 -
::1 - - [09/Aug/2026 14:57:51] "GET /assets/sasha-wall.jpg HTTP/1.1" 304 -
::1 - - [09/Aug/2026 14:57:51] "GET /assets/sasha-closer.jpg HTTP/1.1" 304 -
::1 - - [09/Aug/2026 14:57:51] "GET /assets/favicon.svg HTTP/1.1" 304 -
::1 - - [09/Aug/2026 15:01:01] "GET / HTTP/1.1" 304 -
::1 - - [09/Aug/2026 15:01:01] "GET /assets/hero-duo-final.jpg HTTP/1.1" 200 -
::1 - - [09/Aug/2026 15:01:01] "GET /site.css HTTP/1.1" 304 -
::1 - - [09/Aug/2026 15:01:01] "GET /site.js HTTP/1.1" 304 -
::1 - - [09/Aug/2026 15:01:01] "GET /assets/sasha-wall.jpg HTTP/1.1" 304 -
::1 - - [09/Aug/2026 15:01:01] "GET /assets/sasha-closer.jpg HTTP/1.1" 304 -
::1 - - [09/Aug/2026 15:01:01] "GET /assets/favicon.svg HTTP/1.1" 304 -
::1 - - [09/Aug/2026 15:01:10] "GET /assets/hero-duo-mobile-final.jpg HTTP/1.1" 200 -
::1 - - [09/Aug/2026 15:01:24] "GET / HTTP/1.1" 304 -
::1 - - [09/Aug/2026 15:01:24] "GET /assets/hero-duo-mobile-final.jpg HTTP/1.1" 200 -
::1 - - [09/Aug/2026 15:01:24] "GET /site.css HTTP/1.1" 304 -
::1 - - [09/Aug/2026 15:01:24] "GET /site.js HTTP/1.1" 304 -
::1 - - [09/Aug/2026 15:01:24] "GET /assets/sasha-closer.jpg HTTP/1.1" 304 -
::1 - - [09/Aug/2026 15:01:24] "GET /assets/favicon.svg HTTP/1.1" 304 -
::1 - - [09/Aug/2026 15:01:24] "GET /assets/sasha-wall.jpg HTTP/1.1" 304 -
::1 - - [09/Aug/2026 15:01:25] "GET /assets/hero-duo-final.jpg HTTP/1.1" 200 -
::1 - - [09/Aug/2026 15:02:33] "GET / HTTP/1.1" 304 -
::1 - - [09/Aug/2026 15:02:33] "GET /assets/hero-duo-mobile-final.jpg HTTP/1.1" 304 -
::1 - - [09/Aug/2026 15:02:33] "GET /assets/hero-duo-final.jpg HTTP/1.1" 304 -
::1 - - [09/Aug/2026 15:03:02] "GET / HTTP/1.1" 304 -
::1 - - [09/Aug/2026 15:03:02] "GET /assets/hero-duo-final.jpg HTTP/1.1" 304 -
::1 - - [09/Aug/2026 15:03:02] "GET /site.css HTTP/1.1" 304 -
::1 - - [09/Aug/2026 15:03:02] "GET /site.js HTTP/1.1" 304 -
::1 - - [09/Aug/2026 15:03:02] "GET /assets/sasha-wall.jpg HTTP/1.1" 304 -
::1 - - [09/Aug/2026 15:03:02] "GET /assets/favicon.svg HTTP/1.1" 304 -
::1 - - [09/Aug/2026 15:03:02] "GET /assets/sasha-closer.jpg HTTP/1.1" 304 -
::1 - - [09/Aug/2026 15:03:04] "GET /assets/hero-duo-mobile-final.jpg HTTP/1.1" 304 -
::1 - - [09/Aug/2026 15:05:13] "GET /assets/sasha-portrait.jpg HTTP/1.1" 304 -
::1 - - [09/Aug/2026 15:05:13] "GET /assets/alina-portrait-final.jpg HTTP/1.1" 304 -
::1 - - [09/Aug/2026 15:05:57] "GET /assets/case-eco-bitrix.jpg HTTP/1.1" 304 -
::1 - - [09/Aug/2026 15:05:57] "GET /assets/case-new-site.jpg HTTP/1.1" 304 -
::1 - - [09/Aug/2026 15:05:57] "GET /assets/case-eco-catalog.jpg HTTP/1.1" 304 -
::1 - - [09/Aug/2026 15:06:01] "GET /assets/case-drilling.jpg HTTP/1.1" 304 -
::1 - - [09/Aug/2026 15:06:03] "GET /assets/case-analysis-desk.jpg HTTP/1.1" 304 -
::1 - - [09/Aug/2026 15:06:55] "GET / HTTP/1.1" 304 -
::1 - - [09/Aug/2026 15:06:55] "GET /assets/hero-duo-final.jpg HTTP/1.1" 304 -
::1 - - [09/Aug/2026 15:06:55] "GET /site.css HTTP/1.1" 304 -
::1 - - [09/Aug/2026 15:06:55] "GET /site.js HTTP/1.1" 304 -
::1 - - [09/Aug/2026 15:06:55] "GET /assets/sasha-wall.jpg HTTP/1.1" 304 -
::1 - - [09/Aug/2026 15:06:55] "GET /assets/sasha-closer.jpg HTTP/1.1" 304 -
::1 - - [09/Aug/2026 15:06:55] "GET /assets/favicon.svg HTTP/1.1" 304 -
::1 - - [09/Aug/2026 15:07:49] "GET /assets/sasha-portrait.jpg HTTP/1.1" 304 -
::1 - - [09/Aug/2026 15:07:49] "GET /assets/alina-portrait-final.jpg HTTP/1.1" 304 -
::1 - - [09/Aug/2026 15:08:01] "GET /assets/case-new-site.jpg HTTP/1.1" 304 -
::1 - - [09/Aug/2026 15:08:01] "GET /assets/case-eco-catalog.jpg HTTP/1.1" 304 -
::1 - - [09/Aug/2026 15:08:01] "GET /assets/case-eco-bitrix.jpg HTTP/1.1" 304 -
::1 - - [09/Aug/2026 15:08:04] "GET /assets/case-drilling.jpg HTTP/1.1" 304 -
::1 - - [09/Aug/2026 15:08:07] "GET / HTTP/1.1" 304 -
::1 - - [09/Aug/2026 15:08:07] "GET /site.css HTTP/1.1" 304 -
::1 - - [09/Aug/2026 15:08:07] "GET /site.js HTTP/1.1" 304 -
::1 - - [09/Aug/2026 15:08:07] "GET /assets/hero-duo-mobile-final.jpg HTTP/1.1" 304 -
::1 - - [09/Aug/2026 15:08:07] "GET /assets/hero-duo-final.jpg HTTP/1.1" 304 -
::1 - - [09/Aug/2026 15:08:07] "GET /assets/sasha-wall.jpg HTTP/1.1" 304 -
::1 - - [09/Aug/2026 15:08:07] "GET /assets/sasha-closer.jpg HTTP/1.1" 304 -
::1 - - [09/Aug/2026 15:08:07] "GET /assets/favicon.svg HTTP/1.1" 304 -
::1 - - [09/Aug/2026 15:08:20] "GET /assets/case-analysis-desk.jpg HTTP/1.1" 304 -
::1 - - [09/Aug/2026 15:08:22] "GET /assets/case-old-site-desktop.jpg HTTP/1.1" 304 -
::1 - - [09/Aug/2026 15:08:22] "GET /assets/case-eco-mobile-full.jpg HTTP/1.1" 304 -
::1 - - [09/Aug/2026 15:08:24] "GET /assets/case-system-bitrix.jpg HTTP/1.1" 304 -
::1 - - [09/Aug/2026 15:08:24] "GET /assets/case-system-kp.jpg HTTP/1.1" 304 -
::1 - - [09/Aug/2026 15:08:24] "GET /assets/case-system-academy.jpg HTTP/1.1" 304 -
::1 - - [09/Aug/2026 15:08:24] "GET /assets/case-system-timeline.jpg HTTP/1.1" 304 -
::1 - - [09/Aug/2026 15:10:26] "GET / HTTP/1.1" 200 -
::1 - - [09/Aug/2026 15:10:26] "GET /assets/hero-duo-final.jpg HTTP/1.1" 304 -
::1 - - [09/Aug/2026 15:10:26] "GET /site.css HTTP/1.1" 200 -
::1 - - [09/Aug/2026 15:10:26] "GET /site.js HTTP/1.1" 304 -
::1 - - [09/Aug/2026 15:10:26] "GET /assets/sasha-wall.jpg HTTP/1.1" 304 -
::1 - - [09/Aug/2026 15:10:26] "GET /assets/sasha-closer.jpg HTTP/1.1" 304 -
::1 - - [09/Aug/2026 15:10:26] "GET /assets/favicon.svg HTTP/1.1" 304 -
::1 - - [09/Aug/2026 15:10:26] "GET /assets/hero-duo-mobile-final.jpg HTTP/1.1" 304 -
::1 - - [09/Aug/2026 15:10:27] "GET / HTTP/1.1" 304 -
::1 - - [09/Aug/2026 15:10:56] "GET / HTTP/1.1" 200 -
::1 - - [09/Aug/2026 15:10:56] "GET /assets/hero-duo-final.jpg HTTP/1.1" 304 -
::1 - - [09/Aug/2026 15:10:56] "GET /site.css HTTP/1.1" 200 -
::1 - - [09/Aug/2026 15:10:56] "GET /site.js HTTP/1.1" 304 -
::1 - - [09/Aug/2026 15:10:56] "GET /assets/sasha-wall.jpg HTTP/1.1" 304 -
::1 - - [09/Aug/2026 15:10:57] "GET /assets/sasha-closer.jpg HTTP/1.1" 304 -
::1 - - [09/Aug/2026 15:10:57] "GET /assets/favicon.svg HTTP/1.1" 304 -
::1 - - [09/Aug/2026 15:10:57] "GET /assets/sasha-portrait.jpg HTTP/1.1" 304 -
::1 - - [09/Aug/2026 15:10:57] "GET /assets/alina-portrait-final.jpg HTTP/1.1" 304 -
::1 - - [09/Aug/2026 15:11:00] "GET /assets/hero-duo-mobile-final.jpg HTTP/1.1" 304 -
::1 - - [09/Aug/2026 15:12:20] "GET /assets/case-eco-bitrix.jpg HTTP/1.1" 304 -
::1 - - [09/Aug/2026 15:12:20] "GET /assets/case-eco-catalog.jpg HTTP/1.1" 304 -
::1 - - [09/Aug/2026 15:12:20] "GET /assets/case-new-site.jpg HTTP/1.1" 304 -
::1 - - [09/Aug/2026 15:12:21] "GET / HTTP/1.1" 304 -
::1 - - [09/Aug/2026 15:12:21] "GET /assets/hero-duo-final.jpg HTTP/1.1" 304 -
::1 - - [09/Aug/2026 15:12:21] "GET /site.css HTTP/1.1" 200 -
::1 - - [09/Aug/2026 15:12:26] "GET /assets/case-drilling.jpg HTTP/1.1" 304 -
::1 - - [09/Aug/2026 15:12:28] "GET /assets/hero-duo-mobile-final.jpg HTTP/1.1" 304 -
::1 - - [09/Aug/2026 15:12:29] "GET / HTTP/1.1" 304 -
::1 - - [09/Aug/2026 15:12:29] "GET /assets/hero-duo-final.jpg HTTP/1.1" 304 -
::1 - - [09/Aug/2026 15:12:29] "GET /site.css HTTP/1.1" 200 -
::1 - - [09/Aug/2026 15:13:13] "GET / HTTP/1.1" 304 -
::1 - - [09/Aug/2026 15:13:13] "GET /site.css HTTP/1.1" 304 -
::1 - - [09/Aug/2026 15:13:33] "GET / HTTP/1.1" 304 -
::1 - - [09/Aug/2026 15:13:33] "GET /site.css HTTP/1.1" 304 -
::1 - - [09/Aug/2026 15:13:33] "GET /site.js HTTP/1.1" 304 -
::1 - - [09/Aug/2026 15:13:33] "GET /assets/sasha-portrait.jpg HTTP/1.1" 304 -
::1 - - [09/Aug/2026 15:13:33] "GET /assets/alina-portrait-final.jpg HTTP/1.1" 304 -
::1 - - [09/Aug/2026 15:13:33] "GET /assets/sasha-wall.jpg HTTP/1.1" 304 -
::1 - - [09/Aug/2026 15:13:33] "GET /assets/sasha-closer.jpg HTTP/1.1" 304 -
::1 - - [09/Aug/2026 15:13:33] "GET /assets/favicon.svg HTTP/1.1" 304 -
::1 - - [09/Aug/2026 15:16:02] "GET /assets/case-drilling.jpg HTTP/1.1" 304 -
::1 - - [09/Aug/2026 15:16:35] "GET /assets/case-analysis-desk.jpg HTTP/1.1" 304 -
::1 - - [09/Aug/2026 15:16:47] "GET /assets/case-old-site-desktop.jpg HTTP/1.1" 304 -
::1 - - [09/Aug/2026 15:16:47] "GET /assets/case-eco-mobile-full.jpg HTTP/1.1" 304 -
::1 - - [09/Aug/2026 15:16:59] "GET /assets/case-system-bitrix.jpg HTTP/1.1" 304 -
::1 - - [09/Aug/2026 15:16:59] "GET /assets/case-system-timeline.jpg HTTP/1.1" 304 -
::1 - - [09/Aug/2026 15:16:59] "GET /assets/case-system-academy.jpg HTTP/1.1" 304 -
::1 - - [09/Aug/2026 15:16:59] "GET /assets/case-system-kp.jpg HTTP/1.1" 304 -
::1 - - [09/Aug/2026 15:20:06] "GET / HTTP/1.1" 304 -
::1 - - [09/Aug/2026 15:20:06] "GET /assets/hero-duo-mobile-final.jpg HTTP/1.1" 304 -
::1 - - [09/Aug/2026 15:20:06] "GET /site.js HTTP/1.1" 304 -
::1 - - [09/Aug/2026 15:20:06] "GET /site.css HTTP/1.1" 200 -
::1 - - [09/Aug/2026 15:20:06] "GET /assets/hero-duo-final.jpg HTTP/1.1" 304 -
::1 - - [09/Aug/2026 15:20:06] "GET /assets/sasha-wall.jpg HTTP/1.1" 304 -
::1 - - [09/Aug/2026 15:20:06] "GET /assets/sasha-closer.jpg HTTP/1.1" 304 -
::1 - - [09/Aug/2026 15:20:06] "GET /assets/favicon.svg HTTP/1.1" 304 -
::1 - - [09/Aug/2026 15:23:59] "GET / HTTP/1.1" 304 -
::1 - - [09/Aug/2026 15:23:59] "GET /assets/hero-duo-final.jpg HTTP/1.1" 304 -
::1 - - [09/Aug/2026 15:23:59] "GET /site.css HTTP/1.1" 200 -
::1 - - [09/Aug/2026 15:23:59] "GET /site.js HTTP/1.1" 304 -
::1 - - [09/Aug/2026 15:23:59] "GET /assets/sasha-wall.jpg HTTP/1.1" 304 -
::1 - - [09/Aug/2026 15:23:59] "GET /assets/sasha-closer.jpg HTTP/1.1" 304 -
::1 - - [09/Aug/2026 15:23:59] "GET /assets/favicon.svg HTTP/1.1" 304 -
::1 - - [09/Aug/2026 15:24:02] "GET /assets/sasha-portrait.jpg HTTP/1.1" 304 -
::1 - - [09/Aug/2026 15:24:02] "GET /assets/alina-portrait-final.jpg HTTP/1.1" 304 -
::1 - - [09/Aug/2026 15:24:16] "GET /assets/case-eco-bitrix.jpg HTTP/1.1" 304 -
::1 - - [09/Aug/2026 15:24:16] "GET /assets/case-new-site.jpg HTTP/1.1" 304 -
::1 - - [09/Aug/2026 15:24:16] "GET /assets/case-eco-catalog.jpg HTTP/1.1" 304 -
::1 - - [09/Aug/2026 15:24:27] "GET /assets/case-drilling.jpg HTTP/1.1" 304 -
::1 - - [09/Aug/2026 15:26:23] "GET /assets/case-analysis-desk.jpg HTTP/1.1" 304 -
::1 - - [09/Aug/2026 15:28:01] "GET /assets/case-old-site-desktop.jpg HTTP/1.1" 304 -
::1 - - [09/Aug/2026 15:28:01] "GET /assets/case-eco-mobile-full.jpg HTTP/1.1" 304 -
::1 - - [09/Aug/2026 15:29:25] "GET /assets/case-system-kp.jpg HTTP/1.1" 304 -
::1 - - [09/Aug/2026 15:29:25] "GET /assets/case-system-bitrix.jpg HTTP/1.1" 304 -
::1 - - [09/Aug/2026 15:29:25] "GET /assets/case-system-academy.jpg HTTP/1.1" 304 -
::1 - - [09/Aug/2026 15:29:25] "GET /assets/case-system-timeline.jpg HTTP/1.1" 304 -
::1 - - [09/Aug/2026 15:41:51] "GET / HTTP/1.1" 200 -
::1 - - [09/Aug/2026 15:41:51] "GET /assets/hero-duo-mobile-final.jpg HTTP/1.1" 304 -
::1 - - [09/Aug/2026 15:41:51] "GET /site.css HTTP/1.1" 200 -
::1 - - [09/Aug/2026 15:41:51] "GET /site.js HTTP/1.1" 304 -
::1 - - [09/Aug/2026 15:41:51] "GET /assets/hero-duo-final.jpg HTTP/1.1" 304 -
::1 - - [09/Aug/2026 15:41:51] "GET /assets/sasha-wall.jpg HTTP/1.1" 304 -
::1 - - [09/Aug/2026 15:41:51] "GET /assets/sasha-closer.jpg HTTP/1.1" 304 -
::1 - - [09/Aug/2026 15:41:51] "GET /assets/favicon.svg HTTP/1.1" 304 -
::1 - - [09/Aug/2026 15:43:20] "GET / HTTP/1.1" 200 -
::1 - - [09/Aug/2026 15:43:20] "GET /assets/hero-duo-final.jpg HTTP/1.1" 304 -
::1 - - [09/Aug/2026 15:43:20] "GET /site.js HTTP/1.1" 304 -
::1 - - [09/Aug/2026 15:43:20] "GET /site.css HTTP/1.1" 200 -
::1 - - [09/Aug/2026 15:43:20] "GET /assets/sasha-wall.jpg HTTP/1.1" 304 -
::1 - - [09/Aug/2026 15:43:20] "GET /assets/sasha-closer.jpg HTTP/1.1" 304 -
::1 - - [09/Aug/2026 15:43:20] "GET /assets/favicon.svg HTTP/1.1" 304 -
::1 - - [09/Aug/2026 15:43:20] "GET /assets/sasha-portrait.jpg HTTP/1.1" 304 -
::1 - - [09/Aug/2026 15:43:20] "GET /assets/alina-portrait-final.jpg HTTP/1.1" 304 -
::1 - - [09/Aug/2026 15:43:20] code 404, message File not found
::1 - - [09/Aug/2026 15:43:20] "GET /assets/case-new-site-final.png HTTP/1.1" 404 -
::1 - - [09/Aug/2026 15:43:20] "GET /assets/case-eco-catalog.jpg HTTP/1.1" 304 -
::1 - - [09/Aug/2026 15:43:20] "GET /assets/case-eco-bitrix.jpg HTTP/1.1" 304 -
::1 - - [09/Aug/2026 15:43:20] "GET /assets/case-drilling.jpg HTTP/1.1" 304 -
::1 - - [09/Aug/2026 15:43:24] "GET /assets/case-analysis-desk.jpg HTTP/1.1" 304 -
::1 - - [09/Aug/2026 15:43:26] "GET /assets/case-old-site-desktop.jpg HTTP/1.1" 304 -
::1 - - [09/Aug/2026 15:43:26] "GET /assets/case-eco-mobile-full.jpg HTTP/1.1" 304 -
::1 - - [09/Aug/2026 15:44:05] "GET / HTTP/1.1" 200 -
::1 - - [09/Aug/2026 15:44:05] "GET /site.css HTTP/1.1" 200 -
::1 - - [09/Aug/2026 15:44:05] "GET /assets/sasha-portrait.jpg HTTP/1.1" 200 -
::1 - - [09/Aug/2026 15:44:05] "GET /assets/alina-portrait-final.jpg HTTP/1.1" 200 -
::1 - - [09/Aug/2026 15:44:05] "GET /assets/case-eco-catalog.jpg HTTP/1.1" 200 -
::1 - - [09/Aug/2026 15:44:05] "GET /assets/case-eco-bitrix.jpg HTTP/1.1" 200 -
::1 - - [09/Aug/2026 15:44:05] "GET /assets/case-new-site-final.png HTTP/1.1" 200 -
::1 - - [09/Aug/2026 15:44:05] "GET /assets/case-drilling.jpg HTTP/1.1" 200 -
::1 - - [09/Aug/2026 15:44:06] "GET / HTTP/1.1" 304 -
::1 - - [09/Aug/2026 15:44:06] "GET /site.css HTTP/1.1" 304 -
::1 - - [09/Aug/2026 15:44:06] "GET /assets/case-new-site-final.png HTTP/1.1" 200 -
::1 - - [09/Aug/2026 15:44:17] "GET /assets/case-system-bitrix.jpg HTTP/1.1" 304 -
::1 - - [09/Aug/2026 15:44:17] "GET /assets/case-system-kp.jpg HTTP/1.1" 304 -
::1 - - [09/Aug/2026 15:44:17] "GET /assets/case-system-timeline.jpg HTTP/1.1" 304 -
::1 - - [09/Aug/2026 15:44:17] "GET /assets/case-system-academy.jpg HTTP/1.1" 304 -
::1 - - [09/Aug/2026 15:45:00] "GET / HTTP/1.1" 304 -
::1 - - [09/Aug/2026 15:45:00] "GET /site.css HTTP/1.1" 200 -
::1 - - [09/Aug/2026 15:50:13] "GET / HTTP/1.1" 304 -
::1 - - [09/Aug/2026 15:50:13] "GET /assets/hero-duo-final.jpg HTTP/1.1" 304 -
::1 - - [09/Aug/2026 15:50:13] "GET /site.js HTTP/1.1" 304 -
::1 - - [09/Aug/2026 15:50:13] "GET /site.css HTTP/1.1" 200 -
::1 - - [09/Aug/2026 15:50:13] "GET /assets/sasha-wall.jpg HTTP/1.1" 304 -
::1 - - [09/Aug/2026 15:50:13] "GET /assets/sasha-closer.jpg HTTP/1.1" 304 -
::1 - - [09/Aug/2026 15:50:13] "GET /assets/favicon.svg HTTP/1.1" 304 -
::1 - - [09/Aug/2026 15:50:14] "GET /assets/sasha-portrait.jpg HTTP/1.1" 304 -
::1 - - [09/Aug/2026 15:50:14] "GET /assets/alina-portrait-final.jpg HTTP/1.1" 304 -
::1 - - [09/Aug/2026 15:50:14] "GET /assets/case-new-site-final.png HTTP/1.1" 304 -
::1 - - [09/Aug/2026 15:50:14] "GET /assets/case-eco-catalog.jpg HTTP/1.1" 304 -
::1 - - [09/Aug/2026 15:50:14] "GET /assets/case-eco-bitrix.jpg HTTP/1.1" 304 -
::1 - - [09/Aug/2026 15:50:14] "GET /assets/case-drilling.jpg HTTP/1.1" 304 -
::1 - - [09/Aug/2026 15:50:52] "GET / HTTP/1.1" 200 -
::1 - - [09/Aug/2026 15:50:52] "GET /assets/hero-duo-mobile-final.jpg HTTP/1.1" 304 -
::1 - - [09/Aug/2026 15:50:52] "GET /site.css HTTP/1.1" 200 -
::1 - - [09/Aug/2026 15:50:52] "GET /site.js HTTP/1.1" 304 -
::1 - - [09/Aug/2026 15:50:52] "GET /assets/hero-duo-final.jpg HTTP/1.1" 304 -
::1 - - [09/Aug/2026 15:50:52] "GET /assets/sasha-wall.jpg HTTP/1.1" 304 -
::1 - - [09/Aug/2026 15:50:52] "GET /assets/sasha-closer.jpg HTTP/1.1" 304 -
::1 - - [09/Aug/2026 15:50:52] "GET /assets/favicon.svg HTTP/1.1" 304 -
::1 - - [09/Aug/2026 15:50:52] "GET /assets/sasha-portrait.jpg HTTP/1.1" 304 -
::1 - - [09/Aug/2026 15:50:52] "GET /assets/alina-portrait-final.jpg HTTP/1.1" 304 -
::1 - - [09/Aug/2026 15:50:52] "GET /assets/case-eco-catalog.jpg HTTP/1.1" 304 -
::1 - - [09/Aug/2026 15:50:52] "GET /assets/case-eco-bitrix.jpg HTTP/1.1" 304 -
::1 - - [09/Aug/2026 15:50:52] "GET /assets/case-eco-new-desktop.png HTTP/1.1" 200 -
::1 - - [09/Aug/2026 15:50:52] "GET /assets/case-drilling.jpg HTTP/1.1" 304 -
::1 - - [09/Aug/2026 15:52:00] "GET / HTTP/1.1" 304 -
::1 - - [09/Aug/2026 15:52:00] "GET /site.css HTTP/1.1" 304 -
::1 - - [09/Aug/2026 15:52:08] "GET / HTTP/1.1" 200 -
::1 - - [09/Aug/2026 15:52:08] "GET /site.css HTTP/1.1" 200 -
::1 - - [09/Aug/2026 15:52:12] "GET /assets/case-eco-new-desktop.png HTTP/1.1" 200 -
::1 - - [09/Aug/2026 15:52:43] "GET /assets/case-analysis-desk-final.png HTTP/1.1" 200 -
::1 - - [09/Aug/2026 15:52:56] "GET /assets/case-old-site-desktop.jpg HTTP/1.1" 304 -
::1 - - [09/Aug/2026 15:52:56] "GET /assets/case-eco-new-desktop.png HTTP/1.1" 304 -
::1 - - [09/Aug/2026 15:53:02] "GET /assets/case-system-bitrix.jpg HTTP/1.1" 304 -
::1 - - [09/Aug/2026 15:53:02] "GET /assets/case-system-kp.jpg HTTP/1.1" 304 -
::1 - - [09/Aug/2026 15:53:02] "GET /assets/case-system-timeline.jpg HTTP/1.1" 304 -
::1 - - [09/Aug/2026 15:53:02] "GET /assets/case-system-academy.jpg HTTP/1.1" 304 -
::1 - - [09/Aug/2026 15:53:15] "GET / HTTP/1.1" 304 -
::1 - - [09/Aug/2026 15:53:15] "GET /site.css HTTP/1.1" 304 -
::1 - - [09/Aug/2026 15:54:07] "GET / HTTP/1.1" 200 -
::1 - - [09/Aug/2026 15:54:07] "GET /site.css HTTP/1.1" 200 -
::1 - - [09/Aug/2026 15:54:08] "GET /assets/case-eco-new-desktop.png HTTP/1.1" 304 -
::1 - - [09/Aug/2026 15:56:07] "GET / HTTP/1.1" 200 -
::1 - - [09/Aug/2026 15:56:07] "GET /assets/hero-duo-final.jpg HTTP/1.1" 304 -
::1 - - [09/Aug/2026 15:56:07] "GET /site.css HTTP/1.1" 200 -
::1 - - [09/Aug/2026 15:56:32] "GET /assets/case-eco-bitrix.jpg HTTP/1.1" 304 -
::1 - - [09/Aug/2026 15:56:32] "GET /assets/case-eco-new-desktop.png HTTP/1.1" 304 -
::1 - - [09/Aug/2026 15:56:32] "GET /assets/case-eco-catalog.jpg HTTP/1.1" 304 -
::1 - - [09/Aug/2026 15:56:33] "GET /assets/case-drilling.jpg HTTP/1.1" 304 -
::1 - - [09/Aug/2026 15:56:49] "GET /assets/case-analysis-desk-final.png HTTP/1.1" 304 -
::1 - - [09/Aug/2026 15:58:07] "GET / HTTP/1.1" 200 -
::1 - - [09/Aug/2026 15:58:07] "GET /assets/hero-duo-mobile-final.jpg HTTP/1.1" 304 -
::1 - - [09/Aug/2026 15:58:07] "GET /site.js HTTP/1.1" 304 -
::1 - - [09/Aug/2026 15:58:07] "GET /site.css HTTP/1.1" 200 -
::1 - - [09/Aug/2026 15:58:07] "GET /assets/hero-duo-final.jpg HTTP/1.1" 304 -
::1 - - [09/Aug/2026 15:58:07] "GET /assets/sasha-wall.jpg HTTP/1.1" 304 -
::1 - - [09/Aug/2026 15:58:07] "GET /assets/sasha-closer.jpg HTTP/1.1" 304 -
::1 - - [09/Aug/2026 15:58:07] "GET /assets/favicon.svg HTTP/1.1" 304 -
::1 - - [09/Aug/2026 15:58:07] "GET /assets/sasha-portrait.jpg HTTP/1.1" 304 -
::1 - - [09/Aug/2026 15:58:07] "GET /assets/alina-portrait-final.jpg HTTP/1.1" 304 -
::1 - - [09/Aug/2026 15:58:08] "GET /assets/case-eco-catalog.jpg HTTP/1.1" 304 -
::1 - - [09/Aug/2026 15:58:08] "GET /assets/case-eco-new-desktop.png HTTP/1.1" 304 -
::1 - - [09/Aug/2026 15:58:08] "GET /assets/case-eco-bitrix.jpg HTTP/1.1" 304 -
::1 - - [09/Aug/2026 15:58:08] "GET /assets/case-drilling.jpg HTTP/1.1" 304 -
::1 - - [09/Aug/2026 15:58:30] "GET / HTTP/1.1" 200 -
::1 - - [09/Aug/2026 15:58:30] "GET /site.css HTTP/1.1" 200 -
::1 - - [09/Aug/2026 15:58:30] "GET /site.js HTTP/1.1" 304 -
::1 - - [09/Aug/2026 15:58:30] "GET /assets/sasha-wall.jpg HTTP/1.1" 304 -
::1 - - [09/Aug/2026 15:58:30] "GET /assets/sasha-closer.jpg HTTP/1.1" 304 -
::1 - - [09/Aug/2026 15:58:30] "GET /assets/favicon.svg HTTP/1.1" 304 -
::1 - - [09/Aug/2026 15:58:34] "GET /assets/sasha-portrait.jpg HTTP/1.1" 304 -
::1 - - [09/Aug/2026 15:58:34] "GET /assets/alina-portrait-final.jpg HTTP/1.1" 304 -
::1 - - [09/Aug/2026 15:58:38] "GET /assets/case-eco-new-desktop.png HTTP/1.1" 304 -
::1 - - [09/Aug/2026 15:58:52] "GET /assets/case-analysis-desk-final.png HTTP/1.1" 304 -
::1 - - [09/Aug/2026 15:58:55] "GET /assets/case-old-site-desktop-final.jpg HTTP/1.1" 200 -
::1 - - [09/Aug/2026 16:02:16] "GET / HTTP/1.1" 304 -
::1 - - [09/Aug/2026 16:02:16] "GET /site.css HTTP/1.1" 304 -
::1 - - [09/Aug/2026 16:02:16] "GET /assets/hero-duo-final.jpg HTTP/1.1" 304 -
::1 - - [09/Aug/2026 16:02:50] "GET /assets/case-eco-new-desktop.png HTTP/1.1" 304 -
::1 - - [09/Aug/2026 16:02:57] "GET /assets/case-analysis-desk-final.png HTTP/1.1" 304 -
::1 - - [09/Aug/2026 16:03:03] "GET /assets/case-old-site-desktop-final.jpg HTTP/1.1" 304 -
::1 - - [09/Aug/2026 16:03:06] "GET /assets/case-system-kp.jpg HTTP/1.1" 304 -
::1 - - [09/Aug/2026 16:03:06] "GET /assets/case-system-timeline.jpg HTTP/1.1" 304 -
::1 - - [09/Aug/2026 16:03:06] "GET /assets/case-system-bitrix.jpg HTTP/1.1" 304 -
::1 - - [09/Aug/2026 16:03:06] "GET /assets/case-system-academy.jpg HTTP/1.1" 304 -
::1 - - [09/Aug/2026 16:06:06] "GET / HTTP/1.1" 304 -
::1 - - [09/Aug/2026 16:06:06] "GET /assets/hero-duo-final.jpg HTTP/1.1" 304 -
::1 - - [09/Aug/2026 16:06:06] "GET /site.js HTTP/1.1" 304 -
::1 - - [09/Aug/2026 16:06:06] "GET /site.css HTTP/1.1" 200 -
::1 - - [09/Aug/2026 16:06:06] "GET /assets/sasha-wall.jpg HTTP/1.1" 304 -
::1 - - [09/Aug/2026 16:06:06] "GET /assets/sasha-closer.jpg HTTP/1.1" 304 -
::1 - - [09/Aug/2026 16:06:06] "GET /assets/favicon.svg HTTP/1.1" 304 -
::1 - - [09/Aug/2026 16:06:06] "GET /assets/sasha-portrait.jpg HTTP/1.1" 304 -
::1 - - [09/Aug/2026 16:06:06] "GET /assets/alina-portrait-final.jpg HTTP/1.1" 304 -
::1 - - [09/Aug/2026 16:06:06] "GET /assets/case-eco-new-desktop.png HTTP/1.1" 304 -
::1 - - [09/Aug/2026 16:06:06] "GET /assets/case-eco-catalog.jpg HTTP/1.1" 304 -
::1 - - [09/Aug/2026 16:06:06] "GET /assets/case-eco-bitrix.jpg HTTP/1.1" 304 -
::1 - - [09/Aug/2026 16:06:06] "GET /assets/case-drilling.jpg HTTP/1.1" 304 -
::1 - - [09/Aug/2026 16:06:08] "GET /assets/hero-duo-mobile-final.jpg HTTP/1.1" 304 -
::1 - - [09/Aug/2026 16:06:41] "GET /site.css HTTP/1.1" 304 -
::1 - - [09/Aug/2026 16:07:06] "GET /assets/case-old-site-desktop-final.jpg HTTP/1.1" 200 -
::1 - - [09/Aug/2026 16:07:27] "GET / HTTP/1.1" 304 -
::1 - - [09/Aug/2026 16:07:27] "GET /site.css HTTP/1.1" 200 -
::1 - - [09/Aug/2026 16:07:27] "GET /site.js HTTP/1.1" 304 -
::1 - - [09/Aug/2026 16:07:27] "GET /assets/sasha-wall.jpg HTTP/1.1" 304 -
::1 - - [09/Aug/2026 16:07:27] "GET /assets/sasha-closer.jpg HTTP/1.1" 304 -
::1 - - [09/Aug/2026 16:07:27] "GET /assets/favicon.svg HTTP/1.1" 304 -
::1 - - [09/Aug/2026 16:07:29] "GET / HTTP/1.1" 304 -
::1 - - [09/Aug/2026 16:07:29] "GET /site.css HTTP/1.1" 304 -
::1 - - [09/Aug/2026 16:07:34] "GET /assets/sasha-portrait.jpg HTTP/1.1" 304 -
::1 - - [09/Aug/2026 16:07:34] "GET /assets/alina-portrait-final.jpg HTTP/1.1" 304 -
::1 - - [09/Aug/2026 16:07:42] "GET /assets/case-eco-new-desktop.png HTTP/1.1" 304 -
::1 - - [09/Aug/2026 16:07:42] "GET /assets/case-eco-catalog.jpg HTTP/1.1" 304 -
::1 - - [09/Aug/2026 16:07:42] "GET /assets/case-eco-bitrix.jpg HTTP/1.1" 304 -
::1 - - [09/Aug/2026 16:07:43] "GET /assets/case-drilling.jpg HTTP/1.1" 304 -
::1 - - [09/Aug/2026 16:07:49] "GET /assets/case-analysis-desk-final.png HTTP/1.1" 304 -
::1 - - [09/Aug/2026 16:07:55] "GET /assets/case-old-site-desktop-final.jpg HTTP/1.1" 304 -
::1 - - [09/Aug/2026 16:08:53] "GET / HTTP/1.1" 304 -
::1 - - [09/Aug/2026 16:08:53] "GET /site.css HTTP/1.1" 200 -
::1 - - [09/Aug/2026 16:08:53] "GET /assets/case-eco-new-desktop.png HTTP/1.1" 304 -
::1 - - [09/Aug/2026 16:08:54] "GET /assets/case-old-site-desktop-final.jpg HTTP/1.1" 304 -
::1 - - [09/Aug/2026 16:09:34] "GET / HTTP/1.1" 304 -
::1 - - [09/Aug/2026 16:09:34] "GET /assets/hero-duo-final.jpg HTTP/1.1" 304 -
::1 - - [09/Aug/2026 16:09:34] "GET /site.css HTTP/1.1" 200 -
::1 - - [09/Aug/2026 16:09:46] "GET /assets/case-old-site-desktop-final.jpg HTTP/1.1" 304 -
::1 - - [09/Aug/2026 16:13:15] "GET / HTTP/1.1" 304 -
::1 - - [09/Aug/2026 16:13:15] "GET /site.css HTTP/1.1" 304 -
::1 - - [09/Aug/2026 16:13:15] "GET /assets/case-eco-new-desktop.png HTTP/1.1" 304 -
::1 - - [09/Aug/2026 16:13:51] "GET /assets/case-analysis-desk-final.png HTTP/1.1" 304 -
::1 - - [09/Aug/2026 16:13:52] "GET /assets/case-old-site-desktop-final.jpg HTTP/1.1" 304 -
::1 - - [09/Aug/2026 16:13:54] "GET / HTTP/1.1" 304 -
::1 - - [09/Aug/2026 16:13:54] "GET /site.css HTTP/1.1" 304 -
::1 - - [09/Aug/2026 16:15:04] "GET / HTTP/1.1" 200 -
::1 - - [09/Aug/2026 16:15:04] "GET /assets/hero-duo-mobile-final.jpg HTTP/1.1" 304 -
::1 - - [09/Aug/2026 16:15:04] "GET /site.css HTTP/1.1" 200 -
::1 - - [09/Aug/2026 16:15:04] "GET /site.js HTTP/1.1" 304 -
::1 - - [09/Aug/2026 16:15:04] "GET /assets/hero-duo-final.jpg HTTP/1.1" 304 -
::1 - - [09/Aug/2026 16:15:04] "GET /assets/sasha-wall.jpg HTTP/1.1" 304 -
::1 - - [09/Aug/2026 16:15:04] "GET /assets/sasha-closer.jpg HTTP/1.1" 304 -
::1 - - [09/Aug/2026 16:15:04] "GET /assets/favicon.svg HTTP/1.1" 304 -
::1 - - [09/Aug/2026 16:15:05] "GET /assets/sasha-portrait.jpg HTTP/1.1" 304 -
::1 - - [09/Aug/2026 16:15:05] "GET /assets/alina-portrait-final.jpg HTTP/1.1" 304 -
::1 - - [09/Aug/2026 16:15:05] "GET /assets/case-eco-new-desktop.png HTTP/1.1" 304 -
::1 - - [09/Aug/2026 16:15:05] "GET /assets/case-eco-catalog.jpg HTTP/1.1" 304 -
::1 - - [09/Aug/2026 16:15:05] "GET /assets/case-eco-bitrix.jpg HTTP/1.1" 304 -
::1 - - [09/Aug/2026 16:15:05] "GET /assets/case-drilling.jpg HTTP/1.1" 304 -
::1 - - [09/Aug/2026 16:15:06] "GET /assets/case-old-site-desktop-final.jpg HTTP/1.1" 304 -
::1 - - [09/Aug/2026 16:15:26] "GET /site.css HTTP/1.1" 200 -
::1 - - [09/Aug/2026 16:15:42] "GET /assets/sasha-portrait.jpg HTTP/1.1" 304 -
::1 - - [09/Aug/2026 16:15:42] "GET /assets/alina-portrait-final.jpg HTTP/1.1" 304 -
::1 - - [09/Aug/2026 16:15:46] "GET /assets/case-eco-catalog.jpg HTTP/1.1" 304 -
::1 - - [09/Aug/2026 16:15:46] "GET /assets/case-eco-bitrix.jpg HTTP/1.1" 304 -
::1 - - [09/Aug/2026 16:15:47] "GET /assets/case-drilling.jpg HTTP/1.1" 304 -
::1 - - [09/Aug/2026 16:15:50] "GET /assets/case-old-site-desktop-final.jpg HTTP/1.1" 304 -
::1 - - [09/Aug/2026 16:16:04] "GET / HTTP/1.1" 200 -
::1 - - [09/Aug/2026 16:16:04] "GET /site.css HTTP/1.1" 304 -
::1 - - [09/Aug/2026 16:16:04] "GET /site.js HTTP/1.1" 304 -
::1 - - [09/Aug/2026 16:16:04] "GET /assets/case-eco-new-desktop.png HTTP/1.1" 304 -
::1 - - [09/Aug/2026 16:16:04] "GET /assets/favicon.svg HTTP/1.1" 304 -
::1 - - [09/Aug/2026 16:16:56] "GET / HTTP/1.1" 304 -
::1 - - [09/Aug/2026 16:16:56] "GET /assets/hero-duo-final.jpg HTTP/1.1" 304 -
::1 - - [09/Aug/2026 16:16:56] "GET /site.css HTTP/1.1" 200 -
::1 - - [09/Aug/2026 16:16:56] "GET /assets/sasha-wall.jpg HTTP/1.1" 304 -
::1 - - [09/Aug/2026 16:16:56] "GET /assets/sasha-closer.jpg HTTP/1.1" 304 -
::1 - - [09/Aug/2026 16:17:18] "GET / HTTP/1.1" 304 -
::1 - - [09/Aug/2026 16:17:18] "GET /site.css HTTP/1.1" 200 -
::1 - - [09/Aug/2026 16:17:51] "GET / HTTP/1.1" 304 -
::1 - - [09/Aug/2026 16:17:51] "GET /site.css HTTP/1.1" 200 -
::1 - - [09/Aug/2026 16:17:52] "GET /assets/case-system-kp.jpg HTTP/1.1" 304 -
::1 - - [09/Aug/2026 16:17:52] "GET /assets/case-system-bitrix.jpg HTTP/1.1" 304 -
::1 - - [09/Aug/2026 16:17:52] "GET /assets/case-system-academy.jpg HTTP/1.1" 304 -
::1 - - [09/Aug/2026 16:17:52] "GET /assets/case-system-timeline.jpg HTTP/1.1" 304 -
::1 - - [09/Aug/2026 16:18:26] "GET / HTTP/1.1" 304 -
::1 - - [09/Aug/2026 16:18:26] "GET /site.css HTTP/1.1" 200 -
::1 - - [09/Aug/2026 16:19:30] "GET /assets/case-analysis-desk-final.png HTTP/1.1" 304 -
::1 - - [09/Aug/2026 16:20:28] "GET /assets/case-old-site-desktop-final.jpg HTTP/1.1" 304 -
::1 - - [09/Aug/2026 16:21:47] "GET / HTTP/1.1" 304 -
::1 - - [09/Aug/2026 16:21:47] "GET /site.css HTTP/1.1" 200 -
::1 - - [09/Aug/2026 16:21:48] "GET /assets/case-eco-new-desktop.png HTTP/1.1" 304 -
::1 - - [09/Aug/2026 16:21:55] "GET / HTTP/1.1" 304 -
::1 - - [09/Aug/2026 16:22:24] "GET / HTTP/1.1" 304 -
::1 - - [09/Aug/2026 16:22:24] "GET /site.css HTTP/1.1" 304 -
::1 - - [09/Aug/2026 16:26:13] "GET / HTTP/1.1" 200 -
::1 - - [09/Aug/2026 16:26:22] "GET / HTTP/1.1" 200 -
::1 - - [09/Aug/2026 16:26:22] "GET /assets/hero-duo-final.jpg HTTP/1.1" 304 -
::1 - - [09/Aug/2026 16:26:22] "GET /site.css HTTP/1.1" 200 -
::1 - - [09/Aug/2026 16:26:22] "GET /site.js HTTP/1.1" 304 -
::1 - - [09/Aug/2026 16:26:22] "GET /assets/sasha-wall.jpg HTTP/1.1" 304 -
::1 - - [09/Aug/2026 16:26:22] "GET /assets/sasha-closer.jpg HTTP/1.1" 304 -
::1 - - [09/Aug/2026 16:26:22] "GET /assets/favicon.svg HTTP/1.1" 304 -
::1 - - [09/Aug/2026 16:26:22] "GET /assets/case-eco-catalog.jpg HTTP/1.1" 304 -
::1 - - [09/Aug/2026 16:26:22] "GET /assets/sasha-portrait.jpg HTTP/1.1" 304 -
::1 - - [09/Aug/2026 16:26:22] "GET /assets/alina-portrait-final.jpg HTTP/1.1" 304 -
::1 - - [09/Aug/2026 16:26:22] "GET /assets/case-eco-bitrix.jpg HTTP/1.1" 304 -
::1 - - [09/Aug/2026 16:26:22] "GET /assets/case-drilling.jpg HTTP/1.1" 304 -
::1 - - [09/Aug/2026 16:26:22] "GET /assets/case-eco-new-desktop.png HTTP/1.1" 304 -
::1 - - [09/Aug/2026 16:26:24] "GET /assets/case-analysis-desk-final.png HTTP/1.1" 304 -
::1 - - [09/Aug/2026 16:26:26] "GET /assets/case-old-site-desktop-final.jpg HTTP/1.1" 304 -
::1 - - [09/Aug/2026 16:28:39] "GET / HTTP/1.1" 304 -
::1 - - [09/Aug/2026 16:28:39] "GET /site.css HTTP/1.1" 304 -
::1 - - [09/Aug/2026 16:28:57] "GET /assets/case-system-bitrix.jpg HTTP/1.1" 304 -
::1 - - [09/Aug/2026 16:28:57] "GET /assets/case-system-timeline.jpg HTTP/1.1" 304 -
::1 - - [09/Aug/2026 16:28:57] "GET /assets/case-system-academy.jpg HTTP/1.1" 304 -
::1 - - [09/Aug/2026 16:28:57] "GET /assets/case-system-kp.jpg HTTP/1.1" 304 -
::1 - - [09/Aug/2026 16:29:38] "GET /assets/hero-duo-mobile-final.jpg HTTP/1.1" 304 -
::1 - - [09/Aug/2026 16:29:38] "GET /assets/case-analysis-desk.jpg HTTP/1.1" 304 -
::1 - - [09/Aug/2026 16:29:38] "GET /assets/case-old-site-mobile.jpg HTTP/1.1" 304 -
::1 - - [09/Aug/2026 16:29:38] "GET /assets/case-new-site.jpg HTTP/1.1" 200 -
::1 - - [09/Aug/2026 16:29:38] "GET /assets/case-eco-mobile-full.jpg HTTP/1.1" 304 -
::1 - - [09/Aug/2026 16:29:38] "GET /assets/case-drilling-detail.jpg HTTP/1.1" 200 -
::1 - - [09/Aug/2026 16:30:55] "GET / HTTP/1.1" 304 -
::1 - - [09/Aug/2026 16:30:55] "GET /site.css HTTP/1.1" 304 -
::1 - - [09/Aug/2026 16:30:56] "GET /assets/case-eco-new-desktop.png HTTP/1.1" 304 -
::1 - - [09/Aug/2026 16:30:56] "GET /assets/case-analysis-desk-final.png HTTP/1.1" 304 -
::1 - - [09/Aug/2026 16:30:56] "GET /assets/case-old-site-desktop-final.jpg HTTP/1.1" 304 -
::1 - - [09/Aug/2026 16:31:05] "GET / HTTP/1.1" 304 -
::1 - - [09/Aug/2026 16:35:39] "GET / HTTP/1.1" 304 -
::1 - - [09/Aug/2026 16:35:39] "GET /assets/hero-duo-final.jpg HTTP/1.1" 304 -
::1 - - [09/Aug/2026 16:35:39] "GET /site.css HTTP/1.1" 304 -
::1 - - [09/Aug/2026 16:35:40] "GET /assets/case-eco-new-desktop.png HTTP/1.1" 304 -
::1 - - [09/Aug/2026 16:35:43] "GET /assets/case-old-site-desktop-final.jpg HTTP/1.1" 304 -
::1 - - [09/Aug/2026 16:35:47] "GET / HTTP/1.1" 304 -
::1 - - [09/Aug/2026 16:40:29] "GET / HTTP/1.1" 200 -
::1 - - [09/Aug/2026 16:41:50] "GET / HTTP/1.1" 200 -
::1 - - [09/Aug/2026 16:41:50] "GET /site.css HTTP/1.1" 200 -
::1 - - [09/Aug/2026 16:41:50] "GET /site.js HTTP/1.1" 304 -
::1 - - [09/Aug/2026 16:41:51] "GET /assets/sasha-wall.jpg HTTP/1.1" 304 -
::1 - - [09/Aug/2026 16:41:51] "GET /assets/sasha-closer.jpg HTTP/1.1" 304 -
::1 - - [09/Aug/2026 16:41:51] "GET /assets/favicon.svg HTTP/1.1" 304 -
::1 - - [09/Aug/2026 16:41:51] "GET /assets/sasha-portrait.jpg HTTP/1.1" 304 -
::1 - - [09/Aug/2026 16:41:51] "GET /assets/alina-portrait-final.jpg HTTP/1.1" 304 -
::1 - - [09/Aug/2026 16:41:51] "GET /assets/case-eco-new-desktop.png HTTP/1.1" 304 -
::1 - - [09/Aug/2026 16:41:51] "GET /assets/case-eco-catalog.jpg HTTP/1.1" 304 -
::1 - - [09/Aug/2026 16:41:51] "GET /assets/case-drilling.jpg HTTP/1.1" 304 -
::1 - - [09/Aug/2026 16:41:51] "GET /assets/case-eco-bitrix.jpg HTTP/1.1" 304 -
::1 - - [09/Aug/2026 16:41:55] "GET /assets/case-analysis-desk-final.png HTTP/1.1" 304 -
::1 - - [09/Aug/2026 16:42:02] "GET /assets/case-old-site-desktop-final.jpg HTTP/1.1" 304 -
::1 - - [09/Aug/2026 16:42:06] "GET /assets/case-system-bitrix.jpg HTTP/1.1" 304 -
::1 - - [09/Aug/2026 16:42:06] "GET /assets/case-system-kp.jpg HTTP/1.1" 304 -
::1 - - [09/Aug/2026 16:42:06] "GET /assets/case-system-timeline.jpg HTTP/1.1" 304 -
::1 - - [09/Aug/2026 16:42:06] "GET /assets/case-system-academy.jpg HTTP/1.1" 304 -
::1 - - [09/Aug/2026 16:49:56] "GET / HTTP/1.1" 304 -
::1 - - [09/Aug/2026 16:49:56] "GET /assets/hero-duo-final.jpg HTTP/1.1" 304 -
::1 - - [09/Aug/2026 16:49:56] "GET /site.css HTTP/1.1" 304 -
::1 - - [09/Aug/2026 16:49:57] "GET /assets/case-eco-new-desktop.png HTTP/1.1" 304 -
::1 - - [09/Aug/2026 16:49:59] "GET /assets/case-analysis-desk-final.png HTTP/1.1" 304 -
::1 - - [09/Aug/2026 16:50:00] "GET /assets/case-old-site-desktop-final.jpg HTTP/1.1" 304 -
::1 - - [09/Aug/2026 16:51:51] "GET / HTTP/1.1" 200 -
::1 - - [09/Aug/2026 16:52:43] "GET / HTTP/1.1" 200 -
::1 - - [09/Aug/2026 16:54:04] "GET / HTTP/1.1" 200 -
::1 - - [09/Aug/2026 16:54:04] "GET /site.css HTTP/1.1" 200 -
::1 - - [09/Aug/2026 16:54:04] "GET /assets/sasha-portrait.jpg HTTP/1.1" 304 -
::1 - - [09/Aug/2026 16:54:04] "GET /assets/alina-portrait-final.jpg HTTP/1.1" 304 -
::1 - - [09/Aug/2026 16:54:04] "GET /site.js HTTP/1.1" 304 -
::1 - - [09/Aug/2026 16:54:04] "GET /assets/case-eco-catalog.jpg HTTP/1.1" 304 -
::1 - - [09/Aug/2026 16:54:04] "GET /assets/case-eco-bitrix.jpg HTTP/1.1" 304 -
::1 - - [09/Aug/2026 16:54:04] "GET /assets/case-system-bitrix.jpg HTTP/1.1" 304 -
::1 - - [09/Aug/2026 16:54:04] "GET /assets/case-system-kp.jpg HTTP/1.1" 304 -
::1 - - [09/Aug/2026 16:54:04] "GET /assets/case-system-timeline.jpg HTTP/1.1" 304 -
::1 - - [09/Aug/2026 16:54:04] "GET /assets/case-system-academy.jpg HTTP/1.1" 304 -
::1 - - [09/Aug/2026 16:54:04] "GET /assets/case-drilling.jpg HTTP/1.1" 304 -
::1 - - [09/Aug/2026 16:54:05] "GET /assets/sasha-wall.jpg HTTP/1.1" 304 -
::1 - - [09/Aug/2026 16:54:05] "GET /assets/sasha-closer.jpg HTTP/1.1" 304 -
::1 - - [09/Aug/2026 16:54:05] "GET /assets/favicon.svg HTTP/1.1" 304 -
::1 - - [09/Aug/2026 17:09:38] "GET / HTTP/1.1" 200 -
::1 - - [09/Aug/2026 17:09:56] "GET / HTTP/1.1" 200 -
::1 - - [09/Aug/2026 17:23:10] "GET / HTTP/1.1" 200 -
::1 - - [09/Aug/2026 17:23:10] "GET /assets/hero-duo-final.jpg HTTP/1.1" 304 -
::1 - - [09/Aug/2026 17:23:10] "GET /site.css HTTP/1.1" 200 -
::1 - - [09/Aug/2026 17:23:10] "GET /site.js HTTP/1.1" 304 -
::1 - - [09/Aug/2026 17:23:10] "GET /assets/sasha-wall.jpg HTTP/1.1" 304 -
::1 - - [09/Aug/2026 17:23:10] "GET /assets/favicon.svg HTTP/1.1" 304 -
::1 - - [09/Aug/2026 17:23:10] "GET /assets/sasha-closer.jpg HTTP/1.1" 304 -
::1 - - [09/Aug/2026 17:23:11] "GET /assets/sasha-portrait.jpg HTTP/1.1" 304 -
::1 - - [09/Aug/2026 17:23:11] "GET /assets/alina-portrait-final.jpg HTTP/1.1" 304 -
::1 - - [09/Aug/2026 17:23:11] "GET /assets/case-eco-new-desktop.png HTTP/1.1" 304 -
::1 - - [09/Aug/2026 17:23:11] "GET /assets/case-eco-catalog.jpg HTTP/1.1" 304 -
::1 - - [09/Aug/2026 17:23:11] "GET /assets/case-eco-bitrix.jpg HTTP/1.1" 304 -
::1 - - [09/Aug/2026 17:23:11] "GET /assets/case-drilling.jpg HTTP/1.1" 304 -
::1 - - [09/Aug/2026 17:23:15] "GET /assets/case-analysis-desk-final.png HTTP/1.1" 304 -
::1 - - [09/Aug/2026 17:23:17] "GET /assets/case-old-site-desktop-final.jpg HTTP/1.1" 304 -
::1 - - [09/Aug/2026 17:23:18] "GET /assets/case-system-bitrix.jpg HTTP/1.1" 304 -
::1 - - [09/Aug/2026 17:23:18] "GET /assets/case-system-kp.jpg HTTP/1.1" 304 -
::1 - - [09/Aug/2026 17:23:18] "GET /assets/case-system-timeline.jpg HTTP/1.1" 304 -
::1 - - [09/Aug/2026 17:23:18] "GET /assets/case-system-academy.jpg HTTP/1.1" 304 -
::1 - - [09/Aug/2026 17:23:40] "GET /assets/case-drilling-detail.jpg HTTP/1.1" 304 -
::1 - - [09/Aug/2026 17:30:52] "GET / HTTP/1.1" 304 -
::1 - - [09/Aug/2026 17:30:52] "GET /site.css HTTP/1.1" 304 -
::1 - - [09/Aug/2026 17:31:07] "GET /assets/hero-duo-mobile-final.jpg HTTP/1.1" 304 -
::1 - - [09/Aug/2026 17:31:07] "GET /assets/case-new-site.jpg HTTP/1.1" 304 -
::1 - - [09/Aug/2026 17:31:07] "GET /assets/case-analysis-desk.jpg HTTP/1.1" 304 -
::1 - - [09/Aug/2026 17:31:07] "GET /assets/case-old-site-mobile.jpg HTTP/1.1" 304 -
::1 - - [09/Aug/2026 17:31:07] "GET /assets/case-eco-mobile-full.jpg HTTP/1.1" 304 -
::1 - - [09/Aug/2026 17:35:59] "GET / HTTP/1.1" 304 -
::1 - - [09/Aug/2026 17:35:59] "GET /site.css HTTP/1.1" 304 -
::1 - - [09/Aug/2026 17:35:59] "GET /assets/case-analysis-desk-final.png HTTP/1.1" 304 -
::1 - - [09/Aug/2026 17:35:59] "GET /assets/case-eco-new-desktop.png HTTP/1.1" 304 -
::1 - - [09/Aug/2026 17:35:59] "GET /assets/case-old-site-desktop-final.jpg HTTP/1.1" 304 -
::1 - - [09/Aug/2026 17:36:03] "GET / HTTP/1.1" 304 -
::1 - - [09/Aug/2026 17:38:32] "GET / HTTP/1.1" 304 -
::1 - - [09/Aug/2026 17:38:32] "GET /assets/hero-duo-final.jpg HTTP/1.1" 304 -
::1 - - [09/Aug/2026 17:38:32] "GET /assets/case-eco-new-desktop.png HTTP/1.1" 304 -
::1 - - [09/Aug/2026 17:38:32] "GET /assets/case-analysis-desk-final.png HTTP/1.1" 304 -
::1 - - [09/Aug/2026 17:38:32] "GET /assets/case-old-site-desktop-final.jpg HTTP/1.1" 304 -
::1 - - [09/Aug/2026 17:40:49] "GET / HTTP/1.1" 304 -
::1 - - [09/Aug/2026 17:40:49] "GET /site.css HTTP/1.1" 304 -
::1 - - [09/Aug/2026 17:40:49] "GET /site.js HTTP/1.1" 304 -
::1 - - [09/Aug/2026 17:40:49] "GET /assets/sasha-portrait.jpg HTTP/1.1" 304 -
::1 - - [09/Aug/2026 17:40:49] "GET /assets/alina-portrait-final.jpg HTTP/1.1" 304 -
::1 - - [09/Aug/2026 17:40:49] "GET /assets/case-eco-catalog.jpg HTTP/1.1" 304 -
::1 - - [09/Aug/2026 17:40:49] "GET /assets/case-eco-bitrix.jpg HTTP/1.1" 304 -
::1 - - [09/Aug/2026 17:40:49] "GET /assets/case-system-bitrix.jpg HTTP/1.1" 304 -
::1 - - [09/Aug/2026 17:40:49] "GET /assets/case-system-kp.jpg HTTP/1.1" 304 -
::1 - - [09/Aug/2026 17:40:49] "GET /assets/case-system-academy.jpg HTTP/1.1" 304 -
::1 - - [09/Aug/2026 17:40:49] "GET /assets/case-system-timeline.jpg HTTP/1.1" 304 -
::1 - - [09/Aug/2026 17:40:49] "GET /assets/case-drilling.jpg HTTP/1.1" 304 -
::1 - - [09/Aug/2026 17:40:49] "GET /assets/case-drilling-detail.jpg HTTP/1.1" 304 -
::1 - - [09/Aug/2026 17:40:49] "GET /assets/sasha-wall.jpg HTTP/1.1" 304 -
::1 - - [09/Aug/2026 17:40:49] "GET /assets/sasha-closer.jpg HTTP/1.1" 304 -
::1 - - [09/Aug/2026 17:40:49] "GET /assets/favicon.svg HTTP/1.1" 304 -
::1 - - [09/Aug/2026 17:40:53] "GET / HTTP/1.1" 304 -
::1 - - [09/Aug/2026 17:47:03] "GET /assets/hero-duo-mobile-final.jpg HTTP/1.1" 304 -
::1 - - [09/Aug/2026 17:47:07] "GET /assets/case-new-site.jpg HTTP/1.1" 304 -
::1 - - [09/Aug/2026 18:02:34] "GET / HTTP/1.1" 304 -
::1 - - [09/Aug/2026 18:02:34] "GET /assets/hero-duo-final.jpg HTTP/1.1" 304 -
::1 - - [09/Aug/2026 18:02:34] "GET /site.css HTTP/1.1" 304 -
::1 - - [09/Aug/2026 18:02:34] "GET /site.js HTTP/1.1" 304 -
::1 - - [09/Aug/2026 18:02:34] "GET /assets/sasha-wall.jpg HTTP/1.1" 304 -
::1 - - [09/Aug/2026 18:02:34] "GET /assets/sasha-closer.jpg HTTP/1.1" 304 -
::1 - - [09/Aug/2026 18:02:34] "GET /assets/favicon.svg HTTP/1.1" 304 -
::1 - - [09/Aug/2026 18:02:34] "GET /assets/case-drilling.jpg HTTP/1.1" 304 -
::1 - - [09/Aug/2026 18:02:36] "GET /assets/case-eco-catalog.jpg HTTP/1.1" 304 -
::1 - - [09/Aug/2026 18:02:36] "GET /assets/case-eco-new-desktop.png HTTP/1.1" 304 -
::1 - - [09/Aug/2026 18:02:36] "GET /assets/case-eco-bitrix.jpg HTTP/1.1" 304 -
::1 - - [09/Aug/2026 18:02:36] "GET /assets/sasha-portrait.jpg HTTP/1.1" 304 -
::1 - - [09/Aug/2026 18:02:36] "GET /assets/alina-portrait-final.jpg HTTP/1.1" 304 -
::1 - - [09/Aug/2026 18:02:50] "GET / HTTP/1.1" 200 -
::1 - - [09/Aug/2026 18:02:50] code 404, message File not found
::1 - - [09/Aug/2026 18:02:50] "GET /assets/case-elina-web.mp4 HTTP/1.1" 404 -
::1 - - [09/Aug/2026 18:02:50] code 404, message File not found
::1 - - [09/Aug/2026 18:02:50] "GET /assets/case-elina-web.mp4 HTTP/1.1" 404 -
::1 - - [09/Aug/2026 18:15:01] "GET / HTTP/1.1" 304 -
::1 - - [09/Aug/2026 18:15:01] code 404, message File not found
::1 - - [09/Aug/2026 18:15:01] "GET /assets/case-elina-web.mp4 HTTP/1.1" 404 -
::1 - - [09/Aug/2026 18:15:01] code 404, message File not found
::1 - - [09/Aug/2026 18:15:01] "GET /assets/case-elina-web.mp4 HTTP/1.1" 404 -
::1 - - [09/Aug/2026 18:15:01] "GET /site.css HTTP/1.1" 200 -
::1 - - [09/Aug/2026 18:25:19] "GET / HTTP/1.1" 304 -
::1 - - [09/Aug/2026 18:25:19] "GET /assets/hero-duo-final.jpg HTTP/1.1" 304 -
::1 - - [09/Aug/2026 18:25:19] "GET /site.css HTTP/1.1" 304 -
::1 - - [09/Aug/2026 18:25:19] code 404, message File not found
::1 - - [09/Aug/2026 18:25:19] "GET /assets/case-elina-web.mp4 HTTP/1.1" 404 -
::1 - - [09/Aug/2026 18:25:19] code 404, message File not found
::1 - - [09/Aug/2026 18:25:19] "GET /assets/case-elina-web.mp4 HTTP/1.1" 404 -
::1 - - [09/Aug/2026 18:25:19] "GET /site.js HTTP/1.1" 200 -
::1 - - [09/Aug/2026 18:25:19] "GET /assets/sasha-wall.jpg HTTP/1.1" 304 -
::1 - - [09/Aug/2026 18:25:19] "GET /assets/sasha-closer.jpg HTTP/1.1" 304 -
::1 - - [09/Aug/2026 18:25:19] "GET /assets/favicon.svg HTTP/1.1" 304 -
::1 - - [09/Aug/2026 18:25:19] "GET /assets/sasha-portrait.jpg HTTP/1.1" 304 -
::1 - - [09/Aug/2026 18:25:19] "GET /assets/alina-portrait-final.jpg HTTP/1.1" 304 -
::1 - - [09/Aug/2026 18:25:19] "GET /assets/case-eco-new-desktop.png HTTP/1.1" 304 -
::1 - - [09/Aug/2026 18:25:19] "GET /assets/case-eco-catalog.jpg HTTP/1.1" 304 -
::1 - - [09/Aug/2026 18:25:19] "GET /assets/case-eco-bitrix.jpg HTTP/1.1" 304 -
::1 - - [09/Aug/2026 18:25:19] "GET /assets/case-drilling.jpg HTTP/1.1" 304 -
::1 - - [09/Aug/2026 18:32:39] "HEAD /assets/case-elina-web.mp4 HTTP/1.1" 200 -
::1 - - [09/Aug/2026 18:34:12] "GET / HTTP/1.1" 200 -
::1 - - [09/Aug/2026 18:34:12] "HEAD /assets/case-elina-web.mp4 HTTP/1.1" 200 -
::1 - - [09/Aug/2026 18:43:44] "GET / HTTP/1.1" 304 -
::1 - - [09/Aug/2026 18:43:44] "GET /site.css HTTP/1.1" 304 -
::1 - - [09/Aug/2026 18:43:44] "GET /site.js HTTP/1.1" 304 -
::1 - - [09/Aug/2026 18:43:44] "GET /assets/case-elina-web.mp4 HTTP/1.1" 200 -
::1 - - [09/Aug/2026 18:43:44] "GET /assets/case-eco-new-desktop.png HTTP/1.1" 304 -
----------------------------------------
Exception occurred during processing of request from ('::1', 59928, 0, 0)
::1 - - [09/Aug/2026 18:43:44] "GET /assets/case-elina-web.mp4 HTTP/1.1" 200 -
Traceback (most recent call last):
  File "C:\Users\Flower\AppData\Local\Programs\Python\Python312\Lib\socketserver.py", line 692, in process_request_thread
    self.finish_request(request, client_address)
  File "C:\Users\Flower\AppData\Local\Programs\Python\Python312\Lib\http\server.py", line 1311, in finish_request
    self.RequestHandlerClass(request, client_address, self,
  File "C:\Users\Flower\AppData\Local\Programs\Python\Python312\Lib\http\server.py", line 672, in __init__
    super().__init__(*args, **kwargs)
  File "C:\Users\Flower\AppData\Local\Programs\Python\Python312\Lib\socketserver.py", line 761, in __init__
    self.handle()
  File "C:\Users\Flower\AppData\Local\Programs\Python\Python312\Lib\http\server.py", line 436, in handle
    self.handle_one_request()
  File "C:\Users\Flower\AppData\Local\Programs\Python\Python312\Lib\http\server.py", line 424, in handle_one_request
    method()
  File "C:\Users\Flower\AppData\Local\Programs\Python\Python312\Lib\http\server.py", line 679, in do_GET
    self.copyfile(f, self.wfile)
  File "C:\Users\Flower\AppData\Local\Programs\Python\Python312\Lib\http\server.py", line 878, in copyfile
    shutil.copyfileobj(source, outputfile)
  File "C:\Users\Flower\AppData\Local\Programs\Python\Python312\Lib\shutil.py", line 204, in copyfileobj
    fdst_write(buf)
  File "C:\Users\Flower\AppData\Local\Programs\Python\Python312\Lib\socketserver.py", line 840, in write
    self._sock.sendall(b)
ConnectionResetError: [WinError 10054] Удаленный хост принудительно разорвал существующее подключение
----------------------------------------
::1 - - [09/Aug/2026 18:43:44] "GET /assets/case-elina-web.mp4 HTTP/1.1" 200 -
----------------------------------------
Exception occurred during processing of request from ('::1', 50850, 0, 0)
Traceback (most recent call last):
  File "C:\Users\Flower\AppData\Local\Programs\Python\Python312\Lib\socketserver.py", line 692, in process_request_thread
    self.finish_request(request, client_address)
  File "C:\Users\Flower\AppData\Local\Programs\Python\Python312\Lib\http\server.py", line 1311, in finish_request
    self.RequestHandlerClass(request, client_address, self,
  File "C:\Users\Flower\AppData\Local\Programs\Python\Python312\Lib\http\server.py", line 672, in __init__
    super().__init__(*args, **kwargs)
  File "C:\Users\Flower\AppData\Local\Programs\Python\Python312\Lib\socketserver.py", line 761, in __init__
    self.handle()
  File "C:\Users\Flower\AppData\Local\Programs\Python\Python312\Lib\http\server.py", line 436, in handle
    self.handle_one_request()
  File "C:\Users\Flower\AppData\Local\Programs\Python\Python312\Lib\http\server.py", line 424, in handle_one_request
    method()
  File "C:\Users\Flower\AppData\Local\Programs\Python\Python312\Lib\http\server.py", line 679, in do_GET
    self.copyfile(f, self.wfile)
  File "C:\Users\Flower\AppData\Local\Programs\Python\Python312\Lib\http\server.py", line 878, in copyfile
    shutil.copyfileobj(source, outputfile)
  File "C:\Users\Flower\AppData\Local\Programs\Python\Python312\Lib\shutil.py", line 204, in copyfileobj
    fdst_write(buf)
  File "C:\Users\Flower\AppData\Local\Programs\Python\Python312\Lib\socketserver.py", line 840, in write
    self._sock.sendall(b)
ConnectionResetError: [WinError 10054] Удаленный хост принудительно разорвал существующее подключение
----------------------------------------
::1 - - [09/Aug/2026 18:44:04] "GET /assets/case-elina-web.mp4 HTTP/1.1" 200 -
----------------------------------------
Exception occurred during processing of request from ('::1', 49802, 0, 0)
Traceback (most recent call last):
  File "C:\Users\Flower\AppData\Local\Programs\Python\Python312\Lib\socketserver.py", line 692, in process_request_thread
    self.finish_request(request, client_address)
  File "C:\Users\Flower\AppData\Local\Programs\Python\Python312\Lib\http\server.py", line 1311, in finish_request
    self.RequestHandlerClass(request, client_address, self,
  File "C:\Users\Flower\AppData\Local\Programs\Python\Python312\Lib\http\server.py", line 672, in __init__
    super().__init__(*args, **kwargs)
  File "C:\Users\Flower\AppData\Local\Programs\Python\Python312\Lib\socketserver.py", line 761, in __init__
    self.handle()
  File "C:\Users\Flower\AppData\Local\Programs\Python\Python312\Lib\http\server.py", line 436, in handle
    self.handle_one_request()
  File "C:\Users\Flower\AppData\Local\Programs\Python\Python312\Lib\http\server.py", line 424, in handle_one_request
    method()
  File "C:\Users\Flower\AppData\Local\Programs\Python\Python312\Lib\http\server.py", line 679, in do_GET
    self.copyfile(f, self.wfile)
  File "C:\Users\Flower\AppData\Local\Programs\Python\Python312\Lib\http\server.py", line 878, in copyfile
    shutil.copyfileobj(source, outputfile)
::1 - - [09/Aug/2026 18:44:04] "GET /assets/case-elina-web.mp4 HTTP/1.1" 200 -
  File "C:\Users\Flower\AppData\Local\Programs\Python\Python312\Lib\shutil.py", line 204, in copyfileobj
    fdst_write(buf)
  File "C:\Users\Flower\AppData\Local\Programs\Python\Python312\Lib\socketserver.py", line 840, in write
    self._sock.sendall(b)
ConnectionAbortedError: [WinError 10053] Программа на вашем хост-компьютере разорвала установленное подключение
----------------------------------------
::1 - - [09/Aug/2026 18:44:15] "GET / HTTP/1.1" 304 -
----------------------------------------
Exception occurred during processing of request from ('::1', 50878, 0, 0)
Traceback (most recent call last):
  File "C:\Users\Flower\AppData\Local\Programs\Python\Python312\Lib\socketserver.py", line 692, in process_request_thread
    self.finish_request(request, client_address)
  File "C:\Users\Flower\AppData\Local\Programs\Python\Python312\Lib\http\server.py", line 1311, in finish_request
    self.RequestHandlerClass(request, client_address, self,
  File "C:\Users\Flower\AppData\Local\Programs\Python\Python312\Lib\http\server.py", line 672, in __init__
    super().__init__(*args, **kwargs)
  File "C:\Users\Flower\AppData\Local\Programs\Python\Python312\Lib\socketserver.py", line 761, in __init__
    self.handle()
  File "C:\Users\Flower\AppData\Local\Programs\Python\Python312\Lib\http\server.py", line 436, in handle
    self.handle_one_request()
  File "C:\Users\Flower\AppData\Local\Programs\Python\Python312\Lib\http\server.py", line 424, in handle_one_request
    method()
  File "C:\Users\Flower\AppData\Local\Programs\Python\Python312\Lib\http\server.py", line 679, in do_GET
    self.copyfile(f, self.wfile)
  File "C:\Users\Flower\AppData\Local\Programs\Python\Python312\Lib\http\server.py", line 878, in copyfile
    shutil.copyfileobj(source, outputfile)
  File "C:\Users\Flower\AppData\Local\Programs\Python\Python312\Lib\shutil.py", line 204, in copyfileobj
    fdst_write(buf)
  File "C:\Users\Flower\AppData\Local\Programs\Python\Python312\Lib\socketserver.py", line 840, in write
    self._sock.sendall(b)
ConnectionResetError: [WinError 10054] Удаленный хост принудительно разорвал существующее подключение
----------------------------------------
::1 - - [09/Aug/2026 18:44:16] "GET /assets/case-elina-web.mp4 HTTP/1.1" 200 -
----------------------------------------
Exception occurred during processing of request from ('::1', 59292, 0, 0)
Traceback (most recent call last):
  File "C:\Users\Flower\AppData\Local\Programs\Python\Python312\Lib\socketserver.py", line 692, in process_request_thread
    self.finish_request(request, client_address)
  File "C:\Users\Flower\AppData\Local\Programs\Python\Python312\Lib\http\server.py", line 1311, in finish_request
    self.RequestHandlerClass(request, client_address, self,
  File "C:\Users\Flower\AppData\Local\Programs\Python\Python312\Lib\http\server.py", line 672, in __init__
    super().__init__(*args, **kwargs)
  File "C:\Users\Flower\AppData\Local\Programs\Python\Python312\Lib\socketserver.py", line 761, in __init__
    self.handle()
  File "C:\Users\Flower\AppData\Local\Programs\Python\Python312\Lib\http\server.py", line 436, in handle
    self.handle_one_request()
::1 - - [09/Aug/2026 18:44:16] "GET /assets/case-elina-web.mp4 HTTP/1.1" 200 -
  File "C:\Users\Flower\AppData\Local\Programs\Python\Python312\Lib\http\server.py", line 424, in handle_one_request
    method()
  File "C:\Users\Flower\AppData\Local\Programs\Python\Python312\Lib\http\server.py", line 679, in do_GET
    self.copyfile(f, self.wfile)
  File "C:\Users\Flower\AppData\Local\Programs\Python\Python312\Lib\http\server.py", line 878, in copyfile
    shutil.copyfileobj(source, outputfile)
  File "C:\Users\Flower\AppData\Local\Programs\Python\Python312\Lib\shutil.py", line 204, in copyfileobj
    fdst_write(buf)
  File "C:\Users\Flower\AppData\Local\Programs\Python\Python312\Lib\socketserver.py", line 840, in write
    self._sock.sendall(b)
ConnectionResetError: [WinError 10054] Удаленный хост принудительно разорвал существующее подключение
----------------------------------------
::1 - - [09/Aug/2026 18:44:16] "GET /assets/case-elina-web.mp4 HTTP/1.1" 200 -
----------------------------------------
Exception occurred during processing of request from ('::1', 60826, 0, 0)
Traceback (most recent call last):
  File "C:\Users\Flower\AppData\Local\Programs\Python\Python312\Lib\socketserver.py", line 692, in process_request_thread
    self.finish_request(request, client_address)
  File "C:\Users\Flower\AppData\Local\Programs\Python\Python312\Lib\http\server.py", line 1311, in finish_request
    self.RequestHandlerClass(request, client_address, self,
  File "C:\Users\Flower\AppData\Local\Programs\Python\Python312\Lib\http\server.py", line 672, in __init__
    super().__init__(*args, **kwargs)
  File "C:\Users\Flower\AppData\Local\Programs\Python\Python312\Lib\socketserver.py", line 761, in __init__
    self.handle()
  File "C:\Users\Flower\AppData\Local\Programs\Python\Python312\Lib\http\server.py", line 436, in handle
    self.handle_one_request()
  File "C:\Users\Flower\AppData\Local\Programs\Python\Python312\Lib\http\server.py", line 424, in handle_one_request
    method()
  File "C:\Users\Flower\AppData\Local\Programs\Python\Python312\Lib\http\server.py", line 679, in do_GET
    self.copyfile(f, self.wfile)
  File "C:\Users\Flower\AppData\Local\Programs\Python\Python312\Lib\http\server.py", line 878, in copyfile
    shutil.copyfileobj(source, outputfile)
  File "C:\Users\Flower\AppData\Local\Programs\Python\Python312\Lib\shutil.py", line 204, in copyfileobj
    fdst_write(buf)
  File "C:\Users\Flower\AppData\Local\Programs\Python\Python312\Lib\socketserver.py", line 840, in write
    self._sock.sendall(b)
ConnectionResetError: [WinError 10054] Удаленный хост принудительно разорвал существующее подключение
----------------------------------------
::1 - - [09/Aug/2026 18:48:53] "GET /assets/case-elina-web.mp4 HTTP/1.1" 200 -
::1 - - [09/Aug/2026 18:48:53] "GET /assets/case-elina-web.mp4 HTTP/1.1" 200 -
----------------------------------------
Exception occurred during processing of request from ('::1', 61728, 0, 0)
Traceback (most recent call last):
  File "C:\Users\Flower\AppData\Local\Programs\Python\Python312\Lib\socketserver.py", line 692, in process_request_thread
    self.finish_request(request, client_address)
  File "C:\Users\Flower\AppData\Local\Programs\Python\Python312\Lib\http\server.py", line 1311, in finish_request
    self.RequestHandlerClass(request, client_address, self,
  File "C:\Users\Flower\AppData\Local\Programs\Python\Python312\Lib\http\server.py", line 672, in __init__
    super().__init__(*args, **kwargs)
  File "C:\Users\Flower\AppData\Local\Programs\Python\Python312\Lib\socketserver.py", line 761, in __init__
    self.handle()
  File "C:\Users\Flower\AppData\Local\Programs\Python\Python312\Lib\http\server.py", line 436, in handle
    self.handle_one_request()
  File "C:\Users\Flower\AppData\Local\Programs\Python\Python312\Lib\http\server.py", line 424, in handle_one_request
    method()
  File "C:\Users\Flower\AppData\Local\Programs\Python\Python312\Lib\http\server.py", line 679, in do_GET
    self.copyfile(f, self.wfile)
  File "C:\Users\Flower\AppData\Local\Programs\Python\Python312\Lib\http\server.py", line 878, in copyfile
    shutil.copyfileobj(source, outputfile)
  File "C:\Users\Flower\AppData\Local\Programs\Python\Python312\Lib\shutil.py", line 204, in copyfileobj
    fdst_write(buf)
  File "C:\Users\Flower\AppData\Local\Programs\Python\Python312\Lib\socketserver.py", line 840, in write
    self._sock.sendall(b)
ConnectionResetError: [WinError 10054] Удаленный хост принудительно разорвал существующее подключение
----------------------------------------
----------------------------------------
Exception occurred during processing of request from ('::1', 58134, 0, 0)
Traceback (most recent call last):
  File "C:\Users\Flower\AppData\Local\Programs\Python\Python312\Lib\socketserver.py", line 692, in process_request_thread
    self.finish_request(request, client_address)
  File "C:\Users\Flower\AppData\Local\Programs\Python\Python312\Lib\http\server.py", line 1311, in finish_request
    self.RequestHandlerClass(request, client_address, self,
  File "C:\Users\Flower\AppData\Local\Programs\Python\Python312\Lib\http\server.py", line 672, in __init__
    super().__init__(*args, **kwargs)
  File "C:\Users\Flower\AppData\Local\Programs\Python\Python312\Lib\socketserver.py", line 761, in __init__
    self.handle()
  File "C:\Users\Flower\AppData\Local\Programs\Python\Python312\Lib\http\server.py", line 436, in handle
    self.handle_one_request()
  File "C:\Users\Flower\AppData\Local\Programs\Python\Python312\Lib\http\server.py", line 424, in handle_one_request
    method()
  File "C:\Users\Flower\AppData\Local\Programs\Python\Python312\Lib\http\server.py", line 679, in do_GET
    self.copyfile(f, self.wfile)
  File "C:\Users\Flower\AppData\Local\Programs\Python\Python312\Lib\http\server.py", line 878, in copyfile
    shutil.copyfileobj(source, outputfile)
  File "C:\Users\Flower\AppData\Local\Programs\Python\Python312\Lib\shutil.py", line 204, in copyfileobj
    fdst_write(buf)
  File "C:\Users\Flower\AppData\Local\Programs\Python\Python312\Lib\socketserver.py", line 840, in write
    self._sock.sendall(b)
ConnectionResetError: [WinError 10054] Удаленный хост принудительно разорвал существующее подключение
----------------------------------------
::1 - - [09/Aug/2026 18:48:53] "GET /assets/case-elina-web.mp4 HTTP/1.1" 200 -
----------------------------------------
Exception occurred during processing of request from ('::1', 60767, 0, 0)
Traceback (most recent call last):
  File "C:\Users\Flower\AppData\Local\Programs\Python\Python312\Lib\socketserver.py", line 692, in process_request_thread
    self.finish_request(request, client_address)
  File "C:\Users\Flower\AppData\Local\Programs\Python\Python312\Lib\http\server.py", line 1311, in finish_request
    self.RequestHandlerClass(request, client_address, self,
  File "C:\Users\Flower\AppData\Local\Programs\Python\Python312\Lib\http\server.py", line 672, in __init__
    super().__init__(*args, **kwargs)
  File "C:\Users\Flower\AppData\Local\Programs\Python\Python312\Lib\socketserver.py", line 761, in __init__
    self.handle()
  File "C:\Users\Flower\AppData\Local\Programs\Python\Python312\Lib\http\server.py", line 436, in handle
    self.handle_one_request()
  File "C:\Users\Flower\AppData\Local\Programs\Python\Python312\Lib\http\server.py", line 424, in handle_one_request
    method()
  File "C:\Users\Flower\AppData\Local\Programs\Python\Python312\Lib\http\server.py", line 679, in do_GET
    self.copyfile(f, self.wfile)
  File "C:\Users\Flower\AppData\Local\Programs\Python\Python312\Lib\http\server.py", line 878, in copyfile
    shutil.copyfileobj(source, outputfile)
  File "C:\Users\Flower\AppData\Local\Programs\Python\Python312\Lib\shutil.py", line 204, in copyfileobj
    fdst_write(buf)
  File "C:\Users\Flower\AppData\Local\Programs\Python\Python312\Lib\socketserver.py", line 840, in write
    self._sock.sendall(b)
ConnectionAbortedError: [WinError 10053] Программа на вашем хост-компьютере разорвала установленное подключение
::1 - - [09/Aug/2026 18:48:53] "GET /assets/case-elina-web.mp4 HTTP/1.1" 200 -
----------------------------------------
----------------------------------------
Exception occurred during processing of request from ('::1', 59097, 0, 0)
Traceback (most recent call last):
  File "C:\Users\Flower\AppData\Local\Programs\Python\Python312\Lib\socketserver.py", line 692, in process_request_thread
    self.finish_request(request, client_address)
  File "C:\Users\Flower\AppData\Local\Programs\Python\Python312\Lib\http\server.py", line 1311, in finish_request
    self.RequestHandlerClass(request, client_address, self,
  File "C:\Users\Flower\AppData\Local\Programs\Python\Python312\Lib\http\server.py", line 672, in __init__
    super().__init__(*args, **kwargs)
  File "C:\Users\Flower\AppData\Local\Programs\Python\Python312\Lib\socketserver.py", line 761, in __init__
    self.handle()
  File "C:\Users\Flower\AppData\Local\Programs\Python\Python312\Lib\http\server.py", line 436, in handle
    self.handle_one_request()
  File "C:\Users\Flower\AppData\Local\Programs\Python\Python312\Lib\http\server.py", line 424, in handle_one_request
    method()
  File "C:\Users\Flower\AppData\Local\Programs\Python\Python312\Lib\http\server.py", line 679, in do_GET
    self.copyfile(f, self.wfile)
  File "C:\Users\Flower\AppData\Local\Programs\Python\Python312\Lib\http\server.py", line 878, in copyfile
    shutil.copyfileobj(source, outputfile)
  File "C:\Users\Flower\AppData\Local\Programs\Python\Python312\Lib\shutil.py", line 204, in copyfileobj
    fdst_write(buf)
  File "C:\Users\Flower\AppData\Local\Programs\Python\Python312\Lib\socketserver.py", line 840, in write
    self._sock.sendall(b)
ConnectionResetError: [WinError 10054] Удаленный хост принудительно разорвал существующее подключение
----------------------------------------
::1 - - [09/Aug/2026 18:48:53] "GET /assets/case-elina-web.mp4 HTTP/1.1" 200 -
----------------------------------------
Exception occurred during processing of request from ('::1', 60563, 0, 0)
Traceback (most recent call last):
  File "C:\Users\Flower\AppData\Local\Programs\Python\Python312\Lib\socketserver.py", line 692, in process_request_thread
    self.finish_request(request, client_address)
  File "C:\Users\Flower\AppData\Local\Programs\Python\Python312\Lib\http\server.py", line 1311, in finish_request
    self.RequestHandlerClass(request, client_address, self,
  File "C:\Users\Flower\AppData\Local\Programs\Python\Python312\Lib\http\server.py", line 672, in __init__
    super().__init__(*args, **kwargs)
  File "C:\Users\Flower\AppData\Local\Programs\Python\Python312\Lib\socketserver.py", line 761, in __init__
    self.handle()
  File "C:\Users\Flower\AppData\Local\Programs\Python\Python312\Lib\http\server.py", line 436, in handle
    self.handle_one_request()
  File "C:\Users\Flower\AppData\Local\Programs\Python\Python312\Lib\http\server.py", line 424, in handle_one_request
    method()
  File "C:\Users\Flower\AppData\Local\Programs\Python\Python312\Lib\http\server.py", line 679, in do_GET
    self.copyfile(f, self.wfile)
  File "C:\Users\Flower\AppData\Local\Programs\Python\Python312\Lib\http\server.py", line 878, in copyfile
    shutil.copyfileobj(source, outputfile)
  File "C:\Users\Flower\AppData\Local\Programs\Python\Python312\Lib\shutil.py", line 204, in copyfileobj
    fdst_write(buf)
  File "C:\Users\Flower\AppData\Local\Programs\Python\Python312\Lib\socketserver.py", line 840, in write
    self._sock.sendall(b)
ConnectionAbortedError: [WinError 10053] Программа на вашем хост-компьютере разорвала установленное подключение
----------------------------------------
::1 - - [09/Aug/2026 18:48:53] "GET /assets/case-elina-web.mp4 HTTP/1.1" 200 -
----------------------------------------
Exception occurred during processing of request from ('::1', 60893, 0, 0)
Traceback (most recent call last):
  File "C:\Users\Flower\AppData\Local\Programs\Python\Python312\Lib\socketserver.py", line 692, in process_request_thread
    self.finish_request(request, client_address)
  File "C:\Users\Flower\AppData\Local\Programs\Python\Python312\Lib\http\server.py", line 1311, in finish_request
    self.RequestHandlerClass(request, client_address, self,
  File "C:\Users\Flower\AppData\Local\Programs\Python\Python312\Lib\http\server.py", line 672, in __init__
    super().__init__(*args, **kwargs)
  File "C:\Users\Flower\AppData\Local\Programs\Python\Python312\Lib\socketserver.py", line 761, in __init__
    self.handle()
  File "C:\Users\Flower\AppData\Local\Programs\Python\Python312\Lib\http\server.py", line 436, in handle
    self.handle_one_request()
  File "C:\Users\Flower\AppData\Local\Programs\Python\Python312\Lib\http\server.py", line 424, in handle_one_request
    method()
::1 - - [09/Aug/2026 18:48:53] "GET /assets/case-elina-web.mp4 HTTP/1.1" 200 -
  File "C:\Users\Flower\AppData\Local\Programs\Python\Python312\Lib\http\server.py", line 679, in do_GET
    self.copyfile(f, self.wfile)
  File "C:\Users\Flower\AppData\Local\Programs\Python\Python312\Lib\http\server.py", line 878, in copyfile
    shutil.copyfileobj(source, outputfile)
  File "C:\Users\Flower\AppData\Local\Programs\Python\Python312\Lib\shutil.py", line 204, in copyfileobj
    fdst_write(buf)
  File "C:\Users\Flower\AppData\Local\Programs\Python\Python312\Lib\socketserver.py", line 840, in write
    self._sock.sendall(b)
ConnectionAbortedError: [WinError 10053] Программа на вашем хост-компьютере разорвала установленное подключение
----------------------------------------
----------------------------------------
Exception occurred during processing of request from ('::1', 56714, 0, 0)
Traceback (most recent call last):
  File "C:\Users\Flower\AppData\Local\Programs\Python\Python312\Lib\socketserver.py", line 692, in process_request_thread
    self.finish_request(request, client_address)
  File "C:\Users\Flower\AppData\Local\Programs\Python\Python312\Lib\http\server.py", line 1311, in finish_request
    self.RequestHandlerClass(request, client_address, self,
  File "C:\Users\Flower\AppData\Local\Programs\Python\Python312\Lib\http\server.py", line 672, in __init__
    super().__init__(*args, **kwargs)
  File "C:\Users\Flower\AppData\Local\Programs\Python\Python312\Lib\socketserver.py", line 761, in __init__
    self.handle()
  File "C:\Users\Flower\AppData\Local\Programs\Python\Python312\Lib\http\server.py", line 436, in handle
    self.handle_one_request()
::1 - - [09/Aug/2026 18:48:53] "GET /assets/case-elina-web.mp4 HTTP/1.1" 200 -
  File "C:\Users\Flower\AppData\Local\Programs\Python\Python312\Lib\http\server.py", line 424, in handle_one_request
    method()
  File "C:\Users\Flower\AppData\Local\Programs\Python\Python312\Lib\http\server.py", line 679, in do_GET
    self.copyfile(f, self.wfile)
  File "C:\Users\Flower\AppData\Local\Programs\Python\Python312\Lib\http\server.py", line 878, in copyfile
    shutil.copyfileobj(source, outputfile)
  File "C:\Users\Flower\AppData\Local\Programs\Python\Python312\Lib\shutil.py", line 204, in copyfileobj
    fdst_write(buf)
  File "C:\Users\Flower\AppData\Local\Programs\Python\Python312\Lib\socketserver.py", line 840, in write
    self._sock.sendall(b)
ConnectionAbortedError: [WinError 10053] Программа на вашем хост-компьютере разорвала установленное подключение
----------------------------------------
----------------------------------------
Exception occurred during processing of request from ('::1', 52449, 0, 0)
Traceback (most recent call last):
  File "C:\Users\Flower\AppData\Local\Programs\Python\Python312\Lib\socketserver.py", line 692, in process_request_thread
    self.finish_request(request, client_address)
  File "C:\Users\Flower\AppData\Local\Programs\Python\Python312\Lib\http\server.py", line 1311, in finish_request
    self.RequestHandlerClass(request, client_address, self,
  File "C:\Users\Flower\AppData\Local\Programs\Python\Python312\Lib\http\server.py", line 672, in __init__
    super().__init__(*args, **kwargs)
  File "C:\Users\Flower\AppData\Local\Programs\Python\Python312\Lib\socketserver.py", line 761, in __init__
    self.handle()
  File "C:\Users\Flower\AppData\Local\Programs\Python\Python312\Lib\http\server.py", line 436, in handle
    self.handle_one_request()
  File "C:\Users\Flower\AppData\Local\Programs\Python\Python312\Lib\http\server.py", line 424, in handle_one_request
    method()
  File "C:\Users\Flower\AppData\Local\Programs\Python\Python312\Lib\http\server.py", line 679, in do_GET
    self.copyfile(f, self.wfile)
  File "C:\Users\Flower\AppData\Local\Programs\Python\Python312\Lib\http\server.py", line 878, in copyfile
    shutil.copyfileobj(source, outputfile)
  File "C:\Users\Flower\AppData\Local\Programs\Python\Python312\Lib\shutil.py", line 204, in copyfileobj
    fdst_write(buf)
  File "C:\Users\Flower\AppData\Local\Programs\Python\Python312\Lib\socketserver.py", line 840, in write
    self._sock.sendall(b)
ConnectionResetError: [WinError 10054] Удаленный хост принудительно разорвал существующее подключение
----------------------------------------
::1 - - [09/Aug/2026 18:48:53] "GET /assets/case-elina-web.mp4 HTTP/1.1" 200 -
----------------------------------------
Exception occurred during processing of request from ('::1', 59633, 0, 0)
Traceback (most recent call last):
  File "C:\Users\Flower\AppData\Local\Programs\Python\Python312\Lib\socketserver.py", line 692, in process_request_thread
    self.finish_request(request, client_address)
  File "C:\Users\Flower\AppData\Local\Programs\Python\Python312\Lib\http\server.py", line 1311, in finish_request
    self.RequestHandlerClass(request, client_address, self,
  File "C:\Users\Flower\AppData\Local\Programs\Python\Python312\Lib\http\server.py", line 672, in __init__
    super().__init__(*args, **kwargs)
  File "C:\Users\Flower\AppData\Local\Programs\Python\Python312\Lib\socketserver.py", line 761, in __init__
    self.handle()
  File "C:\Users\Flower\AppData\Local\Programs\Python\Python312\Lib\http\server.py", line 436, in handle
    self.handle_one_request()
::1 - - [09/Aug/2026 18:48:53] "GET /assets/case-elina-web.mp4 HTTP/1.1" 200 -
  File "C:\Users\Flower\AppData\Local\Programs\Python\Python312\Lib\http\server.py", line 424, in handle_one_request
    method()
  File "C:\Users\Flower\AppData\Local\Programs\Python\Python312\Lib\http\server.py", line 679, in do_GET
    self.copyfile(f, self.wfile)
  File "C:\Users\Flower\AppData\Local\Programs\Python\Python312\Lib\http\server.py", line 878, in copyfile
    shutil.copyfileobj(source, outputfile)
  File "C:\Users\Flower\AppData\Local\Programs\Python\Python312\Lib\shutil.py", line 204, in copyfileobj
    fdst_write(buf)
  File "C:\Users\Flower\AppData\Local\Programs\Python\Python312\Lib\socketserver.py", line 840, in write
    self._sock.sendall(b)
ConnectionAbortedError: [WinError 10053] Программа на вашем хост-компьютере разорвала установленное подключение
----------------------------------------
----------------------------------------
Exception occurred during processing of request from ('::1', 49907, 0, 0)
Traceback (most recent call last):
  File "C:\Users\Flower\AppData\Local\Programs\Python\Python312\Lib\socketserver.py", line 692, in process_request_thread
    self.finish_request(request, client_address)
  File "C:\Users\Flower\AppData\Local\Programs\Python\Python312\Lib\http\server.py", line 1311, in finish_request
    self.RequestHandlerClass(request, client_address, self,
  File "C:\Users\Flower\AppData\Local\Programs\Python\Python312\Lib\http\server.py", line 672, in __init__
    super().__init__(*args, **kwargs)
  File "C:\Users\Flower\AppData\Local\Programs\Python\Python312\Lib\socketserver.py", line 761, in __init__
    self.handle()
  File "C:\Users\Flower\AppData\Local\Programs\Python\Python312\Lib\http\server.py", line 436, in handle
    self.handle_one_request()
  File "C:\Users\Flower\AppData\Local\Programs\Python\Python312\Lib\http\server.py", line 424, in handle_one_request
    method()
  File "C:\Users\Flower\AppData\Local\Programs\Python\Python312\Lib\http\server.py", line 679, in do_GET
    self.copyfile(f, self.wfile)
  File "C:\Users\Flower\AppData\Local\Programs\Python\Python312\Lib\http\server.py", line 878, in copyfile
    shutil.copyfileobj(source, outputfile)
  File "C:\Users\Flower\AppData\Local\Programs\Python\Python312\Lib\shutil.py", line 204, in copyfileobj
    fdst_write(buf)
  File "C:\Users\Flower\AppData\Local\Programs\Python\Python312\Lib\socketserver.py", line 840, in write
    self._sock.sendall(b)
ConnectionAbortedError: [WinError 10053] Программа на вашем хост-компьютере разорвала установленное подключение
----------------------------------------
::1 - - [09/Aug/2026 18:49:23] "GET / HTTP/1.1" 304 -
::1 - - [09/Aug/2026 18:49:24] "GET /assets/case-elina-web.mp4 HTTP/1.1" 200 -
::1 - - [09/Aug/2026 18:49:24] "GET /site.css HTTP/1.1" 304 -
::1 - - [09/Aug/2026 18:49:24] "GET /assets/hero-duo-final.jpg HTTP/1.1" 304 -
----------------------------------------
Exception occurred during processing of request from ('::1', 54501, 0, 0)
Traceback (most recent call last):
  File "C:\Users\Flower\AppData\Local\Programs\Python\Python312\Lib\socketserver.py", line 692, in process_request_thread
    self.finish_request(request, client_address)
  File "C:\Users\Flower\AppData\Local\Programs\Python\Python312\Lib\http\server.py", line 1311, in finish_request
    self.RequestHandlerClass(request, client_address, self,
  File "C:\Users\Flower\AppData\Local\Programs\Python\Python312\Lib\http\server.py", line 672, in __init__
    super().__init__(*args, **kwargs)
  File "C:\Users\Flower\AppData\Local\Programs\Python\Python312\Lib\socketserver.py", line 761, in __init__
    self.handle()
  File "C:\Users\Flower\AppData\Local\Programs\Python\Python312\Lib\http\server.py", line 436, in handle
    self.handle_one_request()
  File "C:\Users\Flower\AppData\Local\Programs\Python\Python312\Lib\http\server.py", line 424, in handle_one_request
    method()
  File "C:\Users\Flower\AppData\Local\Programs\Python\Python312\Lib\http\server.py", line 679, in do_GET
    self.copyfile(f, self.wfile)
  File "C:\Users\Flower\AppData\Local\Programs\Python\Python312\Lib\http\server.py", line 878, in copyfile
    shutil.copyfileobj(source, outputfile)
  File "C:\Users\Flower\AppData\Local\Programs\Python\Python312\Lib\shutil.py", line 204, in copyfileobj
    fdst_write(buf)
  File "C:\Users\Flower\AppData\Local\Programs\Python\Python312\Lib\socketserver.py", line 840, in write
    self._sock.sendall(b)
ConnectionResetError: [WinError 10054] Удаленный хост принудительно разорвал существующее подключение
----------------------------------------
::1 - - [09/Aug/2026 18:49:24] "GET /site.js HTTP/1.1" 304 -
::1 - - [09/Aug/2026 18:49:24] "GET /assets/case-elina-web.mp4 HTTP/1.1" 200 -
::1 - - [09/Aug/2026 18:49:24] "GET /assets/sasha-wall.jpg HTTP/1.1" 304 -
::1 - - [09/Aug/2026 18:49:24] "GET /assets/sasha-closer.jpg HTTP/1.1" 304 -
::1 - - [09/Aug/2026 18:49:24] "GET /assets/favicon.svg HTTP/1.1" 304 -
::1 - - [09/Aug/2026 18:49:24] "GET /assets/sasha-portrait.jpg HTTP/1.1" 304 -
::1 - - [09/Aug/2026 18:49:24] "GET /assets/alina-portrait-final.jpg HTTP/1.1" 304 -
::1 - - [09/Aug/2026 18:49:24] "GET /assets/case-eco-catalog.jpg HTTP/1.1" 304 -
::1 - - [09/Aug/2026 18:49:24] "GET /assets/case-eco-bitrix.jpg HTTP/1.1" 304 -
::1 - - [09/Aug/2026 18:49:24] "GET /assets/case-drilling.jpg HTTP/1.1" 304 -
::1 - - [09/Aug/2026 18:49:24] "GET /assets/case-elina-web.mp4 HTTP/1.1" 200 -
----------------------------------------
Exception occurred during processing of request from ('::1', 57949, 0, 0)
Traceback (most recent call last):
  File "C:\Users\Flower\AppData\Local\Programs\Python\Python312\Lib\socketserver.py", line 692, in process_request_thread
    self.finish_request(request, client_address)
  File "C:\Users\Flower\AppData\Local\Programs\Python\Python312\Lib\http\server.py", line 1311, in finish_request
    self.RequestHandlerClass(request, client_address, self,
  File "C:\Users\Flower\AppData\Local\Programs\Python\Python312\Lib\http\server.py", line 672, in __init__
    super().__init__(*args, **kwargs)
  File "C:\Users\Flower\AppData\Local\Programs\Python\Python312\Lib\socketserver.py", line 761, in __init__
    self.handle()
  File "C:\Users\Flower\AppData\Local\Programs\Python\Python312\Lib\http\server.py", line 436, in handle
    self.handle_one_request()
  File "C:\Users\Flower\AppData\Local\Programs\Python\Python312\Lib\http\server.py", line 424, in handle_one_request
    method()
  File "C:\Users\Flower\AppData\Local\Programs\Python\Python312\Lib\http\server.py", line 679, in do_GET
    self.copyfile(f, self.wfile)
  File "C:\Users\Flower\AppData\Local\Programs\Python\Python312\Lib\http\server.py", line 878, in copyfile
    shutil.copyfileobj(source, outputfile)
  File "C:\Users\Flower\AppData\Local\Programs\Python\Python312\Lib\shutil.py", line 204, in copyfileobj
    fdst_write(buf)
  File "C:\Users\Flower\AppData\Local\Programs\Python\Python312\Lib\socketserver.py", line 840, in write
    self._sock.sendall(b)
ConnectionResetError: [WinError 10054] Удаленный хост принудительно разорвал существующее подключение
----------------------------------------
::1 - - [09/Aug/2026 18:49:52] "GET / HTTP/1.1" 304 -
::1 - - [09/Aug/2026 18:49:52] "GET /assets/case-elina-web.mp4 HTTP/1.1" 200 -
----------------------------------------
Exception occurred during processing of request from ('::1', 62801, 0, 0)
Traceback (most recent call last):
  File "C:\Users\Flower\AppData\Local\Programs\Python\Python312\Lib\socketserver.py", line 692, in process_request_thread
    self.finish_request(request, client_address)
  File "C:\Users\Flower\AppData\Local\Programs\Python\Python312\Lib\http\server.py", line 1311, in finish_request
    self.RequestHandlerClass(request, client_address, self,
  File "C:\Users\Flower\AppData\Local\Programs\Python\Python312\Lib\http\server.py", line 672, in __init__
    super().__init__(*args, **kwargs)
  File "C:\Users\Flower\AppData\Local\Programs\Python\Python312\Lib\socketserver.py", line 761, in __init__
    self.handle()
  File "C:\Users\Flower\AppData\Local\Programs\Python\Python312\Lib\http\server.py", line 436, in handle
    self.handle_one_request()
  File "C:\Users\Flower\AppData\Local\Programs\Python\Python312\Lib\http\server.py", line 424, in handle_one_request
    method()
  File "C:\Users\Flower\AppData\Local\Programs\Python\Python312\Lib\http\server.py", line 679, in do_GET
    self.copyfile(f, self.wfile)
  File "C:\Users\Flower\AppData\Local\Programs\Python\Python312\Lib\http\server.py", line 878, in copyfile
    shutil.copyfileobj(source, outputfile)
  File "C:\Users\Flower\AppData\Local\Programs\Python\Python312\Lib\shutil.py", line 204, in copyfileobj
    fdst_write(buf)
  File "C:\Users\Flower\AppData\Local\Programs\Python\Python312\Lib\socketserver.py", line 840, in write
    self._sock.sendall(b)
ConnectionResetError: [WinError 10054] Удаленный хост принудительно разорвал существующее подключение
----------------------------------------
::1 - - [09/Aug/2026 18:49:52] "GET /assets/case-elina-web.mp4 HTTP/1.1" 200 -
::1 - - [09/Aug/2026 18:49:52] "GET /assets/case-elina-web.mp4 HTTP/1.1" 200 -
----------------------------------------
Exception occurred during processing of request from ('::1', 64115, 0, 0)
Traceback (most recent call last):
  File "C:\Users\Flower\AppData\Local\Programs\Python\Python312\Lib\socketserver.py", line 692, in process_request_thread
    self.finish_request(request, client_address)
  File "C:\Users\Flower\AppData\Local\Programs\Python\Python312\Lib\http\server.py", line 1311, in finish_request
    self.RequestHandlerClass(request, client_address, self,
  File "C:\Users\Flower\AppData\Local\Programs\Python\Python312\Lib\http\server.py", line 672, in __init__
    super().__init__(*args, **kwargs)
  File "C:\Users\Flower\AppData\Local\Programs\Python\Python312\Lib\socketserver.py", line 761, in __init__
    self.handle()
  File "C:\Users\Flower\AppData\Local\Programs\Python\Python312\Lib\http\server.py", line 436, in handle
    self.handle_one_request()
  File "C:\Users\Flower\AppData\Local\Programs\Python\Python312\Lib\http\server.py", line 424, in handle_one_request
    method()
  File "C:\Users\Flower\AppData\Local\Programs\Python\Python312\Lib\http\server.py", line 679, in do_GET
    self.copyfile(f, self.wfile)
  File "C:\Users\Flower\AppData\Local\Programs\Python\Python312\Lib\http\server.py", line 878, in copyfile
    shutil.copyfileobj(source, outputfile)
  File "C:\Users\Flower\AppData\Local\Programs\Python\Python312\Lib\shutil.py", line 204, in copyfileobj
    fdst_write(buf)
  File "C:\Users\Flower\AppData\Local\Programs\Python\Python312\Lib\socketserver.py", line 840, in write
    self._sock.sendall(b)
ConnectionResetError: [WinError 10054] Удаленный хост принудительно разорвал существующее подключение
----------------------------------------
::1 - - [09/Aug/2026 18:50:13] "GET /assets/case-analysis-desk-final.png HTTP/1.1" 304 -
::1 - - [09/Aug/2026 18:50:14] "GET / HTTP/1.1" 200 -
::1 - - [09/Aug/2026 18:50:14] "HEAD /assets/case-elina-poster.png HTTP/1.1" 200 -
::1 - - [09/Aug/2026 18:50:14] "GET /assets/case-old-site-desktop-final.jpg HTTP/1.1" 304 -
::1 - - [09/Aug/2026 18:50:17] "GET /assets/case-system-bitrix.jpg HTTP/1.1" 304 -
::1 - - [09/Aug/2026 18:50:17] "GET /assets/case-system-kp.jpg HTTP/1.1" 304 -
::1 - - [09/Aug/2026 18:50:17] "GET /assets/case-system-academy.jpg HTTP/1.1" 304 -
::1 - - [09/Aug/2026 18:50:17] "GET /assets/case-system-timeline.jpg HTTP/1.1" 304 -
::1 - - [09/Aug/2026 18:50:29] "GET / HTTP/1.1" 200 -
::1 - - [09/Aug/2026 18:50:29] "GET /assets/case-elina-poster.png HTTP/1.1" 200 -
::1 - - [09/Aug/2026 18:50:29] "GET /assets/case-elina-web.mp4 HTTP/1.1" 200 -
----------------------------------------
Exception occurred during processing of request from ('::1', 57365, 0, 0)
Traceback (most recent call last):
  File "C:\Users\Flower\AppData\Local\Programs\Python\Python312\Lib\socketserver.py", line 692, in process_request_thread
    self.finish_request(request, client_address)
  File "C:\Users\Flower\AppData\Local\Programs\Python\Python312\Lib\http\server.py", line 1311, in finish_request
    self.RequestHandlerClass(request, client_address, self,
  File "C:\Users\Flower\AppData\Local\Programs\Python\Python312\Lib\http\server.py", line 672, in __init__
    super().__init__(*args, **kwargs)
  File "C:\Users\Flower\AppData\Local\Programs\Python\Python312\Lib\socketserver.py", line 761, in __init__
    self.handle()
  File "C:\Users\Flower\AppData\Local\Programs\Python\Python312\Lib\http\server.py", line 436, in handle
    self.handle_one_request()
  File "C:\Users\Flower\AppData\Local\Programs\Python\Python312\Lib\http\server.py", line 424, in handle_one_request
    method()
  File "C:\Users\Flower\AppData\Local\Programs\Python\Python312\Lib\http\server.py", line 679, in do_GET
    self.copyfile(f, self.wfile)
  File "C:\Users\Flower\AppData\Local\Programs\Python\Python312\Lib\http\server.py", line 878, in copyfile
    shutil.copyfileobj(source, outputfile)
  File "C:\Users\Flower\AppData\Local\Programs\Python\Python312\Lib\shutil.py", line 204, in copyfileobj
    fdst_write(buf)
  File "C:\Users\Flower\AppData\Local\Programs\Python\Python312\Lib\socketserver.py", line 840, in write
    self._sock.sendall(b)
ConnectionResetError: [WinError 10054] Удаленный хост принудительно разорвал существующее подключение
----------------------------------------
::1 - - [09/Aug/2026 18:50:29] "GET /assets/case-elina-web.mp4 HTTP/1.1" 200 -
::1 - - [09/Aug/2026 18:50:30] "GET /assets/case-elina-web.mp4 HTTP/1.1" 200 -
::1 - - [09/Aug/2026 18:51:11] "GET /assets/hero-duo-mobile-final.jpg HTTP/1.1" 304 -
::1 - - [09/Aug/2026 18:51:11] "GET /assets/case-analysis-desk.jpg HTTP/1.1" 304 -
::1 - - [09/Aug/2026 18:51:11] "GET /assets/case-eco-mobile-full.jpg HTTP/1.1" 304 -
::1 - - [09/Aug/2026 18:51:11] "GET /assets/case-old-site-mobile.jpg HTTP/1.1" 304 -
::1 - - [09/Aug/2026 18:51:11] "GET /assets/case-new-site.jpg HTTP/1.1" 304 -
::1 - - [09/Aug/2026 18:51:12] "GET /assets/case-drilling-detail.jpg HTTP/1.1" 304 -
::1 - - [09/Aug/2026 18:51:56] "GET /assets/case-elina-web.mp4 HTTP/1.1" 200 -
::1 - - [09/Aug/2026 18:51:58] "GET / HTTP/1.1" 304 -
----------------------------------------
Exception occurred during processing of request from ('::1', 61729, 0, 0)
Traceback (most recent call last):
  File "C:\Users\Flower\AppData\Local\Programs\Python\Python312\Lib\socketserver.py", line 692, in process_request_thread
    self.finish_request(request, client_address)
  File "C:\Users\Flower\AppData\Local\Programs\Python\Python312\Lib\http\server.py", line 1311, in finish_request
    self.RequestHandlerClass(request, client_address, self,
  File "C:\Users\Flower\AppData\Local\Programs\Python\Python312\Lib\http\server.py", line 672, in __init__
    super().__init__(*args, **kwargs)
  File "C:\Users\Flower\AppData\Local\Programs\Python\Python312\Lib\socketserver.py", line 761, in __init__
    self.handle()
  File "C:\Users\Flower\AppData\Local\Programs\Python\Python312\Lib\http\server.py", line 436, in handle
    self.handle_one_request()
  File "C:\Users\Flower\AppData\Local\Programs\Python\Python312\Lib\http\server.py", line 424, in handle_one_request
    method()
  File "C:\Users\Flower\AppData\Local\Programs\Python\Python312\Lib\http\server.py", line 679, in do_GET
    self.copyfile(f, self.wfile)
  File "C:\Users\Flower\AppData\Local\Programs\Python\Python312\Lib\http\server.py", line 878, in copyfile
    shutil.copyfileobj(source, outputfile)
  File "C:\Users\Flower\AppData\Local\Programs\Python\Python312\Lib\shutil.py", line 204, in copyfileobj
    fdst_write(buf)
  File "C:\Users\Flower\AppData\Local\Programs\Python\Python312\Lib\socketserver.py", line 840, in write
    self._sock.sendall(b)
ConnectionResetError: [WinError 10054] Удаленный хост принудительно разорвал существующее подключение
----------------------------------------
::1 - - [09/Aug/2026 18:51:58] "GET /assets/case-elina-poster.png HTTP/1.1" 304 -
::1 - - [09/Aug/2026 18:51:58] "GET /assets/case-elina-web.mp4 HTTP/1.1" 200 -
----------------------------------------
Exception occurred during processing of request from ('::1', 59976, 0, 0)
Traceback (most recent call last):
  File "C:\Users\Flower\AppData\Local\Programs\Python\Python312\Lib\socketserver.py", line 692, in process_request_thread
    self.finish_request(request, client_address)
  File "C:\Users\Flower\AppData\Local\Programs\Python\Python312\Lib\http\server.py", line 1311, in finish_request
    self.RequestHandlerClass(request, client_address, self,
  File "C:\Users\Flower\AppData\Local\Programs\Python\Python312\Lib\http\server.py", line 672, in __init__
    super().__init__(*args, **kwargs)
  File "C:\Users\Flower\AppData\Local\Programs\Python\Python312\Lib\socketserver.py", line 761, in __init__
    self.handle()
  File "C:\Users\Flower\AppData\Local\Programs\Python\Python312\Lib\http\server.py", line 436, in handle
    self.handle_one_request()
::1 - - [09/Aug/2026 18:51:58] "GET /assets/case-elina-web.mp4 HTTP/1.1" 200 -
  File "C:\Users\Flower\AppData\Local\Programs\Python\Python312\Lib\http\server.py", line 424, in handle_one_request
    method()
::1 - - [09/Aug/2026 18:51:58] "GET /assets/case-elina-web.mp4 HTTP/1.1" 200 -
  File "C:\Users\Flower\AppData\Local\Programs\Python\Python312\Lib\http\server.py", line 679, in do_GET
    self.copyfile(f, self.wfile)
  File "C:\Users\Flower\AppData\Local\Programs\Python\Python312\Lib\http\server.py", line 878, in copyfile
    shutil.copyfileobj(source, outputfile)
  File "C:\Users\Flower\AppData\Local\Programs\Python\Python312\Lib\shutil.py", line 204, in copyfileobj
    fdst_write(buf)
  File "C:\Users\Flower\AppData\Local\Programs\Python\Python312\Lib\socketserver.py", line 840, in write
    self._sock.sendall(b)
ConnectionResetError: [WinError 10054] Удаленный хост принудительно разорвал существующее подключение
----------------------------------------
----------------------------------------
Exception occurred during processing of request from ('::1', 50806, 0, 0)
Traceback (most recent call last):
  File "C:\Users\Flower\AppData\Local\Programs\Python\Python312\Lib\socketserver.py", line 692, in process_request_thread
    self.finish_request(request, client_address)
  File "C:\Users\Flower\AppData\Local\Programs\Python\Python312\Lib\http\server.py", line 1311, in finish_request
    self.RequestHandlerClass(request, client_address, self,
  File "C:\Users\Flower\AppData\Local\Programs\Python\Python312\Lib\http\server.py", line 672, in __init__
    super().__init__(*args, **kwargs)
  File "C:\Users\Flower\AppData\Local\Programs\Python\Python312\Lib\socketserver.py", line 761, in __init__
    self.handle()
  File "C:\Users\Flower\AppData\Local\Programs\Python\Python312\Lib\http\server.py", line 436, in handle
    self.handle_one_request()
  File "C:\Users\Flower\AppData\Local\Programs\Python\Python312\Lib\http\server.py", line 424, in handle_one_request
    method()
  File "C:\Users\Flower\AppData\Local\Programs\Python\Python312\Lib\http\server.py", line 679, in do_GET
    self.copyfile(f, self.wfile)
  File "C:\Users\Flower\AppData\Local\Programs\Python\Python312\Lib\http\server.py", line 878, in copyfile
    shutil.copyfileobj(source, outputfile)
  File "C:\Users\Flower\AppData\Local\Programs\Python\Python312\Lib\shutil.py", line 204, in copyfileobj
    fdst_write(buf)
  File "C:\Users\Flower\AppData\Local\Programs\Python\Python312\Lib\socketserver.py", line 840, in write
    self._sock.sendall(b)
ConnectionResetError: [WinError 10054] Удаленный хост принудительно разорвал существующее подключение
----------------------------------------
::1 - - [09/Aug/2026 18:53:27] "GET /assets/case-elina-web.mp4 HTTP/1.1" 200 -
----------------------------------------
Exception occurred during processing of request from ('::1', 59485, 0, 0)
Traceback (most recent call last):
  File "C:\Users\Flower\AppData\Local\Programs\Python\Python312\Lib\socketserver.py", line 692, in process_request_thread
    self.finish_request(request, client_address)
  File "C:\Users\Flower\AppData\Local\Programs\Python\Python312\Lib\http\server.py", line 1311, in finish_request
    self.RequestHandlerClass(request, client_address, self,
  File "C:\Users\Flower\AppData\Local\Programs\Python\Python312\Lib\http\server.py", line 672, in __init__
    super().__init__(*args, **kwargs)
  File "C:\Users\Flower\AppData\Local\Programs\Python\Python312\Lib\socketserver.py", line 761, in __init__
    self.handle()
  File "C:\Users\Flower\AppData\Local\Programs\Python\Python312\Lib\http\server.py", line 436, in handle
    self.handle_one_request()
  File "C:\Users\Flower\AppData\Local\Programs\Python\Python312\Lib\http\server.py", line 424, in handle_one_request
    method()
  File "C:\Users\Flower\AppData\Local\Programs\Python\Python312\Lib\http\server.py", line 679, in do_GET
    self.copyfile(f, self.wfile)
  File "C:\Users\Flower\AppData\Local\Programs\Python\Python312\Lib\http\server.py", line 878, in copyfile
    shutil.copyfileobj(source, outputfile)
::1 - - [09/Aug/2026 18:53:27] "GET /assets/case-elina-web.mp4 HTTP/1.1" 200 -
  File "C:\Users\Flower\AppData\Local\Programs\Python\Python312\Lib\shutil.py", line 204, in copyfileobj
    fdst_write(buf)
  File "C:\Users\Flower\AppData\Local\Programs\Python\Python312\Lib\socketserver.py", line 840, in write
    self._sock.sendall(b)
ConnectionResetError: [WinError 10054] Удаленный хост принудительно разорвал существующее подключение
----------------------------------------
----------------------------------------
Exception occurred during processing of request from ('::1', 59410, 0, 0)
Traceback (most recent call last):
  File "C:\Users\Flower\AppData\Local\Programs\Python\Python312\Lib\socketserver.py", line 692, in process_request_thread
    self.finish_request(request, client_address)
  File "C:\Users\Flower\AppData\Local\Programs\Python\Python312\Lib\http\server.py", line 1311, in finish_request
    self.RequestHandlerClass(request, client_address, self,
  File "C:\Users\Flower\AppData\Local\Programs\Python\Python312\Lib\http\server.py", line 672, in __init__
    super().__init__(*args, **kwargs)
  File "C:\Users\Flower\AppData\Local\Programs\Python\Python312\Lib\socketserver.py", line 761, in __init__
    self.handle()
  File "C:\Users\Flower\AppData\Local\Programs\Python\Python312\Lib\http\server.py", line 436, in handle
    self.handle_one_request()
  File "C:\Users\Flower\AppData\Local\Programs\Python\Python312\Lib\http\server.py", line 424, in handle_one_request
    method()
  File "C:\Users\Flower\AppData\Local\Programs\Python\Python312\Lib\http\server.py", line 679, in do_GET
    self.copyfile(f, self.wfile)
  File "C:\Users\Flower\AppData\Local\Programs\Python\Python312\Lib\http\server.py", line 878, in copyfile
    shutil.copyfileobj(source, outputfile)
  File "C:\Users\Flower\AppData\Local\Programs\Python\Python312\Lib\shutil.py", line 204, in copyfileobj
    fdst_write(buf)
  File "C:\Users\Flower\AppData\Local\Programs\Python\Python312\Lib\socketserver.py", line 840, in write
    self._sock.sendall(b)
ConnectionAbortedError: [WinError 10053] Программа на вашем хост-компьютере разорвала установленное подключение
----------------------------------------
::1 - - [09/Aug/2026 18:53:27] "GET /assets/case-elina-web.mp4 HTTP/1.1" 200 -
----------------------------------------
Exception occurred during processing of request from ('::1', 65036, 0, 0)
Traceback (most recent call last):
  File "C:\Users\Flower\AppData\Local\Programs\Python\Python312\Lib\socketserver.py", line 692, in process_request_thread
    self.finish_request(request, client_address)
  File "C:\Users\Flower\AppData\Local\Programs\Python\Python312\Lib\http\server.py", line 1311, in finish_request
    self.RequestHandlerClass(request, client_address, self,
::1 - - [09/Aug/2026 18:53:27] "GET /assets/case-elina-web.mp4 HTTP/1.1" 200 -
  File "C:\Users\Flower\AppData\Local\Programs\Python\Python312\Lib\http\server.py", line 672, in __init__
    super().__init__(*args, **kwargs)
  File "C:\Users\Flower\AppData\Local\Programs\Python\Python312\Lib\socketserver.py", line 761, in __init__
    self.handle()
  File "C:\Users\Flower\AppData\Local\Programs\Python\Python312\Lib\http\server.py", line 436, in handle
    self.handle_one_request()
  File "C:\Users\Flower\AppData\Local\Programs\Python\Python312\Lib\http\server.py", line 424, in handle_one_request
    method()
  File "C:\Users\Flower\AppData\Local\Programs\Python\Python312\Lib\http\server.py", line 679, in do_GET
    self.copyfile(f, self.wfile)
  File "C:\Users\Flower\AppData\Local\Programs\Python\Python312\Lib\http\server.py", line 878, in copyfile
    shutil.copyfileobj(source, outputfile)
  File "C:\Users\Flower\AppData\Local\Programs\Python\Python312\Lib\shutil.py", line 204, in copyfileobj
    fdst_write(buf)
  File "C:\Users\Flower\AppData\Local\Programs\Python\Python312\Lib\socketserver.py", line 840, in write
    self._sock.sendall(b)
ConnectionAbortedError: [WinError 10053] Программа на вашем хост-компьютере разорвала установленное подключение
----------------------------------------
----------------------------------------
Exception occurred during processing of request from ('::1', 58538, 0, 0)
Traceback (most recent call last):
  File "C:\Users\Flower\AppData\Local\Programs\Python\Python312\Lib\socketserver.py", line 692, in process_request_thread
    self.finish_request(request, client_address)
  File "C:\Users\Flower\AppData\Local\Programs\Python\Python312\Lib\http\server.py", line 1311, in finish_request
    self.RequestHandlerClass(request, client_address, self,
  File "C:\Users\Flower\AppData\Local\Programs\Python\Python312\Lib\http\server.py", line 672, in __init__
    super().__init__(*args, **kwargs)
::1 - - [09/Aug/2026 18:53:27] "GET /assets/case-elina-web.mp4 HTTP/1.1" 200 -
  File "C:\Users\Flower\AppData\Local\Programs\Python\Python312\Lib\socketserver.py", line 761, in __init__
    self.handle()
  File "C:\Users\Flower\AppData\Local\Programs\Python\Python312\Lib\http\server.py", line 436, in handle
    self.handle_one_request()
  File "C:\Users\Flower\AppData\Local\Programs\Python\Python312\Lib\http\server.py", line 424, in handle_one_request
    method()
  File "C:\Users\Flower\AppData\Local\Programs\Python\Python312\Lib\http\server.py", line 679, in do_GET
    self.copyfile(f, self.wfile)
  File "C:\Users\Flower\AppData\Local\Programs\Python\Python312\Lib\http\server.py", line 878, in copyfile
    shutil.copyfileobj(source, outputfile)
  File "C:\Users\Flower\AppData\Local\Programs\Python\Python312\Lib\shutil.py", line 204, in copyfileobj
    fdst_write(buf)
  File "C:\Users\Flower\AppData\Local\Programs\Python\Python312\Lib\socketserver.py", line 840, in write
    self._sock.sendall(b)
ConnectionAbortedError: [WinError 10053] Программа на вашем хост-компьютере разорвала установленное подключение
----------------------------------------
----------------------------------------
Exception occurred during processing of request from ('::1', 56673, 0, 0)
Traceback (most recent call last):
  File "C:\Users\Flower\AppData\Local\Programs\Python\Python312\Lib\socketserver.py", line 692, in process_request_thread
    self.finish_request(request, client_address)
  File "C:\Users\Flower\AppData\Local\Programs\Python\Python312\Lib\http\server.py", line 1311, in finish_request
    self.RequestHandlerClass(request, client_address, self,
  File "C:\Users\Flower\AppData\Local\Programs\Python\Python312\Lib\http\server.py", line 672, in __init__
    super().__init__(*args, **kwargs)
  File "C:\Users\Flower\AppData\Local\Programs\Python\Python312\Lib\socketserver.py", line 761, in __init__
    self.handle()
  File "C:\Users\Flower\AppData\Local\Programs\Python\Python312\Lib\http\server.py", line 436, in handle
    self.handle_one_request()
  File "C:\Users\Flower\AppData\Local\Programs\Python\Python312\Lib\http\server.py", line 424, in handle_one_request
    method()
  File "C:\Users\Flower\AppData\Local\Programs\Python\Python312\Lib\http\server.py", line 679, in do_GET
    self.copyfile(f, self.wfile)
  File "C:\Users\Flower\AppData\Local\Programs\Python\Python312\Lib\http\server.py", line 878, in copyfile
    shutil.copyfileobj(source, outputfile)
  File "C:\Users\Flower\AppData\Local\Programs\Python\Python312\Lib\shutil.py", line 204, in copyfileobj
    fdst_write(buf)
::1 - - [09/Aug/2026 18:53:27] "GET /assets/case-elina-web.mp4 HTTP/1.1" 200 -
  File "C:\Users\Flower\AppData\Local\Programs\Python\Python312\Lib\socketserver.py", line 840, in write
    self._sock.sendall(b)
ConnectionResetError: [WinError 10054] Удаленный хост принудительно разорвал существующее подключение
----------------------------------------
----------------------------------------
Exception occurred during processing of request from ('::1', 55224, 0, 0)
Traceback (most recent call last):
  File "C:\Users\Flower\AppData\Local\Programs\Python\Python312\Lib\socketserver.py", line 692, in process_request_thread
    self.finish_request(request, client_address)
  File "C:\Users\Flower\AppData\Local\Programs\Python\Python312\Lib\http\server.py", line 1311, in finish_request
    self.RequestHandlerClass(request, client_address, self,
  File "C:\Users\Flower\AppData\Local\Programs\Python\Python312\Lib\http\server.py", line 672, in __init__
    super().__init__(*args, **kwargs)
  File "C:\Users\Flower\AppData\Local\Programs\Python\Python312\Lib\socketserver.py", line 761, in __init__
    self.handle()
  File "C:\Users\Flower\AppData\Local\Programs\Python\Python312\Lib\http\server.py", line 436, in handle
    self.handle_one_request()
  File "C:\Users\Flower\AppData\Local\Programs\Python\Python312\Lib\http\server.py", line 424, in handle_one_request
    method()
  File "C:\Users\Flower\AppData\Local\Programs\Python\Python312\Lib\http\server.py", line 679, in do_GET
    self.copyfile(f, self.wfile)
  File "C:\Users\Flower\AppData\Local\Programs\Python\Python312\Lib\http\server.py", line 878, in copyfile
    shutil.copyfileobj(source, outputfile)
  File "C:\Users\Flower\AppData\Local\Programs\Python\Python312\Lib\shutil.py", line 204, in copyfileobj
    fdst_write(buf)
  File "C:\Users\Flower\AppData\Local\Programs\Python\Python312\Lib\socketserver.py", line 840, in write
    self._sock.sendall(b)
ConnectionAbortedError: [WinError 10053] Программа на вашем хост-компьютере разорвала установленное подключение
----------------------------------------
::1 - - [09/Aug/2026 18:55:20] "GET /assets/case-elina-web.mp4 HTTP/1.1" 200 -
----------------------------------------
Exception occurred during processing of request from ('::1', 60084, 0, 0)
Traceback (most recent call last):
  File "C:\Users\Flower\AppData\Local\Programs\Python\Python312\Lib\socketserver.py", line 692, in process_request_thread
    self.finish_request(request, client_address)
  File "C:\Users\Flower\AppData\Local\Programs\Python\Python312\Lib\http\server.py", line 1311, in finish_request
    self.RequestHandlerClass(request, client_address, self,
  File "C:\Users\Flower\AppData\Local\Programs\Python\Python312\Lib\http\server.py", line 672, in __init__
    super().__init__(*args, **kwargs)
  File "C:\Users\Flower\AppData\Local\Programs\Python\Python312\Lib\socketserver.py", line 761, in __init__
    self.handle()
  File "C:\Users\Flower\AppData\Local\Programs\Python\Python312\Lib\http\server.py", line 436, in handle
    self.handle_one_request()
  File "C:\Users\Flower\AppData\Local\Programs\Python\Python312\Lib\http\server.py", line 424, in handle_one_request
    method()
  File "C:\Users\Flower\AppData\Local\Programs\Python\Python312\Lib\http\server.py", line 679, in do_GET
    self.copyfile(f, self.wfile)
  File "C:\Users\Flower\AppData\Local\Programs\Python\Python312\Lib\http\server.py", line 878, in copyfile
    shutil.copyfileobj(source, outputfile)
  File "C:\Users\Flower\AppData\Local\Programs\Python\Python312\Lib\shutil.py", line 204, in copyfileobj
    fdst_write(buf)
  File "C:\Users\Flower\AppData\Local\Programs\Python\Python312\Lib\socketserver.py", line 840, in write
    self._sock.sendall(b)
ConnectionResetError: [WinError 10054] Удаленный хост принудительно разорвал существующее подключение
----------------------------------------
::1 - - [09/Aug/2026 18:55:20] "GET /assets/case-elina-web.mp4 HTTP/1.1" 200 -
----------------------------------------
Exception occurred during processing of request from ('::1', 60537, 0, 0)
Traceback (most recent call last):
  File "C:\Users\Flower\AppData\Local\Programs\Python\Python312\Lib\socketserver.py", line 692, in process_request_thread
    self.finish_request(request, client_address)
  File "C:\Users\Flower\AppData\Local\Programs\Python\Python312\Lib\http\server.py", line 1311, in finish_request
    self.RequestHandlerClass(request, client_address, self,
  File "C:\Users\Flower\AppData\Local\Programs\Python\Python312\Lib\http\server.py", line 672, in __init__
    super().__init__(*args, **kwargs)
  File "C:\Users\Flower\AppData\Local\Programs\Python\Python312\Lib\socketserver.py", line 761, in __init__
    self.handle()
  File "C:\Users\Flower\AppData\Local\Programs\Python\Python312\Lib\http\server.py", line 436, in handle
    self.handle_one_request()
  File "C:\Users\Flower\AppData\Local\Programs\Python\Python312\Lib\http\server.py", line 424, in handle_one_request
    method()
  File "C:\Users\Flower\AppData\Local\Programs\Python\Python312\Lib\http\server.py", line 679, in do_GET
    self.copyfile(f, self.wfile)
  File "C:\Users\Flower\AppData\Local\Programs\Python\Python312\Lib\http\server.py", line 878, in copyfile
    shutil.copyfileobj(source, outputfile)
  File "C:\Users\Flower\AppData\Local\Programs\Python\Python312\Lib\shutil.py", line 204, in copyfileobj
    fdst_write(buf)
::1 - - [09/Aug/2026 18:55:20] "GET /assets/case-elina-web.mp4 HTTP/1.1" 200 -
  File "C:\Users\Flower\AppData\Local\Programs\Python\Python312\Lib\socketserver.py", line 840, in write
    self._sock.sendall(b)
ConnectionAbortedError: [WinError 10053] Программа на вашем хост-компьютере разорвала установленное подключение
----------------------------------------
----------------------------------------
Exception occurred during processing of request from ('::1', 53067, 0, 0)
Traceback (most recent call last):
  File "C:\Users\Flower\AppData\Local\Programs\Python\Python312\Lib\socketserver.py", line 692, in process_request_thread
    self.finish_request(request, client_address)
  File "C:\Users\Flower\AppData\Local\Programs\Python\Python312\Lib\http\server.py", line 1311, in finish_request
    self.RequestHandlerClass(request, client_address, self,
  File "C:\Users\Flower\AppData\Local\Programs\Python\Python312\Lib\http\server.py", line 672, in __init__
    super().__init__(*args, **kwargs)
  File "C:\Users\Flower\AppData\Local\Programs\Python\Python312\Lib\socketserver.py", line 761, in __init__
    self.handle()
  File "C:\Users\Flower\AppData\Local\Programs\Python\Python312\Lib\http\server.py", line 436, in handle
    self.handle_one_request()
::1 - - [09/Aug/2026 18:55:20] "GET /assets/case-elina-web.mp4 HTTP/1.1" 200 -
  File "C:\Users\Flower\AppData\Local\Programs\Python\Python312\Lib\http\server.py", line 424, in handle_one_request
    method()
  File "C:\Users\Flower\AppData\Local\Programs\Python\Python312\Lib\http\server.py", line 679, in do_GET
    self.copyfile(f, self.wfile)
  File "C:\Users\Flower\AppData\Local\Programs\Python\Python312\Lib\http\server.py", line 878, in copyfile
    shutil.copyfileobj(source, outputfile)
  File "C:\Users\Flower\AppData\Local\Programs\Python\Python312\Lib\shutil.py", line 204, in copyfileobj
    fdst_write(buf)
  File "C:\Users\Flower\AppData\Local\Programs\Python\Python312\Lib\socketserver.py", line 840, in write
    self._sock.sendall(b)
ConnectionAbortedError: [WinError 10053] Программа на вашем хост-компьютере разорвала установленное подключение
----------------------------------------
----------------------------------------
Exception occurred during processing of request from ('::1', 50885, 0, 0)
Traceback (most recent call last):
  File "C:\Users\Flower\AppData\Local\Programs\Python\Python312\Lib\socketserver.py", line 692, in process_request_thread
    self.finish_request(request, client_address)
  File "C:\Users\Flower\AppData\Local\Programs\Python\Python312\Lib\http\server.py", line 1311, in finish_request
    self.RequestHandlerClass(request, client_address, self,
  File "C:\Users\Flower\AppData\Local\Programs\Python\Python312\Lib\http\server.py", line 672, in __init__
    super().__init__(*args, **kwargs)
  File "C:\Users\Flower\AppData\Local\Programs\Python\Python312\Lib\socketserver.py", line 761, in __init__
    self.handle()
  File "C:\Users\Flower\AppData\Local\Programs\Python\Python312\Lib\http\server.py", line 436, in handle
    self.handle_one_request()
  File "C:\Users\Flower\AppData\Local\Programs\Python\Python312\Lib\http\server.py", line 424, in handle_one_request
    method()
  File "C:\Users\Flower\AppData\Local\Programs\Python\Python312\Lib\http\server.py", line 679, in do_GET
    self.copyfile(f, self.wfile)
  File "C:\Users\Flower\AppData\Local\Programs\Python\Python312\Lib\http\server.py", line 878, in copyfile
    shutil.copyfileobj(source, outputfile)
::1 - - [09/Aug/2026 18:55:20] "GET /assets/case-elina-web.mp4 HTTP/1.1" 200 -
  File "C:\Users\Flower\AppData\Local\Programs\Python\Python312\Lib\shutil.py", line 204, in copyfileobj
    fdst_write(buf)
  File "C:\Users\Flower\AppData\Local\Programs\Python\Python312\Lib\socketserver.py", line 840, in write
    self._sock.sendall(b)
ConnectionAbortedError: [WinError 10053] Программа на вашем хост-компьютере разорвала установленное подключение
----------------------------------------
----------------------------------------
Exception occurred during processing of request from ('::1', 57087, 0, 0)
Traceback (most recent call last):
  File "C:\Users\Flower\AppData\Local\Programs\Python\Python312\Lib\socketserver.py", line 692, in process_request_thread
    self.finish_request(request, client_address)
  File "C:\Users\Flower\AppData\Local\Programs\Python\Python312\Lib\http\server.py", line 1311, in finish_request
    self.RequestHandlerClass(request, client_address, self,
  File "C:\Users\Flower\AppData\Local\Programs\Python\Python312\Lib\http\server.py", line 672, in __init__
    super().__init__(*args, **kwargs)
  File "C:\Users\Flower\AppData\Local\Programs\Python\Python312\Lib\socketserver.py", line 761, in __init__
    self.handle()
  File "C:\Users\Flower\AppData\Local\Programs\Python\Python312\Lib\http\server.py", line 436, in handle
    self.handle_one_request()
  File "C:\Users\Flower\AppData\Local\Programs\Python\Python312\Lib\http\server.py", line 424, in handle_one_request
    method()
  File "C:\Users\Flower\AppData\Local\Programs\Python\Python312\Lib\http\server.py", line 679, in do_GET
    self.copyfile(f, self.wfile)
::1 - - [09/Aug/2026 18:55:20] "GET /assets/case-elina-web.mp4 HTTP/1.1" 200 -
  File "C:\Users\Flower\AppData\Local\Programs\Python\Python312\Lib\http\server.py", line 878, in copyfile
    shutil.copyfileobj(source, outputfile)
  File "C:\Users\Flower\AppData\Local\Programs\Python\Python312\Lib\shutil.py", line 204, in copyfileobj
    fdst_write(buf)
  File "C:\Users\Flower\AppData\Local\Programs\Python\Python312\Lib\socketserver.py", line 840, in write
    self._sock.sendall(b)
ConnectionAbortedError: [WinError 10053] Программа на вашем хост-компьютере разорвала установленное подключение
----------------------------------------
----------------------------------------
Exception occurred during processing of request from ('::1', 54665, 0, 0)
Traceback (most recent call last):
  File "C:\Users\Flower\AppData\Local\Programs\Python\Python312\Lib\socketserver.py", line 692, in process_request_thread
    self.finish_request(request, client_address)
  File "C:\Users\Flower\AppData\Local\Programs\Python\Python312\Lib\http\server.py", line 1311, in finish_request
    self.RequestHandlerClass(request, client_address, self,
  File "C:\Users\Flower\AppData\Local\Programs\Python\Python312\Lib\http\server.py", line 672, in __init__
    super().__init__(*args, **kwargs)
  File "C:\Users\Flower\AppData\Local\Programs\Python\Python312\Lib\socketserver.py", line 761, in __init__
    self.handle()
  File "C:\Users\Flower\AppData\Local\Programs\Python\Python312\Lib\http\server.py", line 436, in handle
    self.handle_one_request()
  File "C:\Users\Flower\AppData\Local\Programs\Python\Python312\Lib\http\server.py", line 424, in handle_one_request
    method()
  File "C:\Users\Flower\AppData\Local\Programs\Python\Python312\Lib\http\server.py", line 679, in do_GET
    self.copyfile(f, self.wfile)
  File "C:\Users\Flower\AppData\Local\Programs\Python\Python312\Lib\http\server.py", line 878, in copyfile
    shutil.copyfileobj(source, outputfile)
  File "C:\Users\Flower\AppData\Local\Programs\Python\Python312\Lib\shutil.py", line 204, in copyfileobj
    fdst_write(buf)
  File "C:\Users\Flower\AppData\Local\Programs\Python\Python312\Lib\socketserver.py", line 840, in write
    self._sock.sendall(b)
ConnectionAbortedError: [WinError 10053] Программа на вашем хост-компьютере разорвала установленное подключение
----------------------------------------
::1 - - [09/Aug/2026 18:55:20] "GET /assets/case-elina-web.mp4 HTTP/1.1" 200 -
----------------------------------------
Exception occurred during processing of request from ('::1', 62313, 0, 0)
Traceback (most recent call last):
  File "C:\Users\Flower\AppData\Local\Programs\Python\Python312\Lib\socketserver.py", line 692, in process_request_thread
    self.finish_request(request, client_address)
  File "C:\Users\Flower\AppData\Local\Programs\Python\Python312\Lib\http\server.py", line 1311, in finish_request
    self.RequestHandlerClass(request, client_address, self,
  File "C:\Users\Flower\AppData\Local\Programs\Python\Python312\Lib\http\server.py", line 672, in __init__
    super().__init__(*args, **kwargs)
  File "C:\Users\Flower\AppData\Local\Programs\Python\Python312\Lib\socketserver.py", line 761, in __init__
    self.handle()
  File "C:\Users\Flower\AppData\Local\Programs\Python\Python312\Lib\http\server.py", line 436, in handle
    self.handle_one_request()
  File "C:\Users\Flower\AppData\Local\Programs\Python\Python312\Lib\http\server.py", line 424, in handle_one_request
    method()
  File "C:\Users\Flower\AppData\Local\Programs\Python\Python312\Lib\http\server.py", line 679, in do_GET
    self.copyfile(f, self.wfile)
  File "C:\Users\Flower\AppData\Local\Programs\Python\Python312\Lib\http\server.py", line 878, in copyfile
    shutil.copyfileobj(source, outputfile)
  File "C:\Users\Flower\AppData\Local\Programs\Python\Python312\Lib\shutil.py", line 204, in copyfileobj
    fdst_write(buf)
  File "C:\Users\Flower\AppData\Local\Programs\Python\Python312\Lib\socketserver.py", line 840, in write
    self._sock.sendall(b)
::1 - - [09/Aug/2026 18:55:20] "GET /assets/case-elina-web.mp4 HTTP/1.1" 200 -
ConnectionAbortedError: [WinError 10053] Программа на вашем хост-компьютере разорвала установленное подключение
----------------------------------------
----------------------------------------
Exception occurred during processing of request from ('::1', 56086, 0, 0)
Traceback (most recent call last):
  File "C:\Users\Flower\AppData\Local\Programs\Python\Python312\Lib\socketserver.py", line 692, in process_request_thread
    self.finish_request(request, client_address)
  File "C:\Users\Flower\AppData\Local\Programs\Python\Python312\Lib\http\server.py", line 1311, in finish_request
    self.RequestHandlerClass(request, client_address, self,
  File "C:\Users\Flower\AppData\Local\Programs\Python\Python312\Lib\http\server.py", line 672, in __init__
    super().__init__(*args, **kwargs)
  File "C:\Users\Flower\AppData\Local\Programs\Python\Python312\Lib\socketserver.py", line 761, in __init__
    self.handle()
  File "C:\Users\Flower\AppData\Local\Programs\Python\Python312\Lib\http\server.py", line 436, in handle
    self.handle_one_request()
  File "C:\Users\Flower\AppData\Local\Programs\Python\Python312\Lib\http\server.py", line 424, in handle_one_request
    method()
::1 - - [09/Aug/2026 18:55:20] "GET /assets/case-elina-web.mp4 HTTP/1.1" 200 -
  File "C:\Users\Flower\AppData\Local\Programs\Python\Python312\Lib\http\server.py", line 679, in do_GET
    self.copyfile(f, self.wfile)
  File "C:\Users\Flower\AppData\Local\Programs\Python\Python312\Lib\http\server.py", line 878, in copyfile
    shutil.copyfileobj(source, outputfile)
  File "C:\Users\Flower\AppData\Local\Programs\Python\Python312\Lib\shutil.py", line 204, in copyfileobj
    fdst_write(buf)
  File "C:\Users\Flower\AppData\Local\Programs\Python\Python312\Lib\socketserver.py", line 840, in write
    self._sock.sendall(b)
ConnectionAbortedError: [WinError 10053] Программа на вашем хост-компьютере разорвала установленное подключение
----------------------------------------
----------------------------------------
Exception occurred during processing of request from ('::1', 54062, 0, 0)
Traceback (most recent call last):
  File "C:\Users\Flower\AppData\Local\Programs\Python\Python312\Lib\socketserver.py", line 692, in process_request_thread
    self.finish_request(request, client_address)
  File "C:\Users\Flower\AppData\Local\Programs\Python\Python312\Lib\http\server.py", line 1311, in finish_request
    self.RequestHandlerClass(request, client_address, self,
  File "C:\Users\Flower\AppData\Local\Programs\Python\Python312\Lib\http\server.py", line 672, in __init__
    super().__init__(*args, **kwargs)
  File "C:\Users\Flower\AppData\Local\Programs\Python\Python312\Lib\socketserver.py", line 761, in __init__
    self.handle()
::1 - - [09/Aug/2026 18:55:20] "GET /assets/case-elina-web.mp4 HTTP/1.1" 200 -
  File "C:\Users\Flower\AppData\Local\Programs\Python\Python312\Lib\http\server.py", line 436, in handle
    self.handle_one_request()
  File "C:\Users\Flower\AppData\Local\Programs\Python\Python312\Lib\http\server.py", line 424, in handle_one_request
    method()
  File "C:\Users\Flower\AppData\Local\Programs\Python\Python312\Lib\http\server.py", line 679, in do_GET
    self.copyfile(f, self.wfile)
  File "C:\Users\Flower\AppData\Local\Programs\Python\Python312\Lib\http\server.py", line 878, in copyfile
    shutil.copyfileobj(source, outputfile)
  File "C:\Users\Flower\AppData\Local\Programs\Python\Python312\Lib\shutil.py", line 204, in copyfileobj
    fdst_write(buf)
  File "C:\Users\Flower\AppData\Local\Programs\Python\Python312\Lib\socketserver.py", line 840, in write
    self._sock.sendall(b)
ConnectionAbortedError: [WinError 10053] Программа на вашем хост-компьютере разорвала установленное подключение
----------------------------------------
----------------------------------------
Exception occurred during processing of request from ('::1', 64126, 0, 0)
Traceback (most recent call last):
  File "C:\Users\Flower\AppData\Local\Programs\Python\Python312\Lib\socketserver.py", line 692, in process_request_thread
    self.finish_request(request, client_address)
  File "C:\Users\Flower\AppData\Local\Programs\Python\Python312\Lib\http\server.py", line 1311, in finish_request
    self.RequestHandlerClass(request, client_address, self,
  File "C:\Users\Flower\AppData\Local\Programs\Python\Python312\Lib\http\server.py", line 672, in __init__
    super().__init__(*args, **kwargs)
::1 - - [09/Aug/2026 18:55:20] "GET /assets/case-elina-web.mp4 HTTP/1.1" 200 -
  File "C:\Users\Flower\AppData\Local\Programs\Python\Python312\Lib\socketserver.py", line 761, in __init__
    self.handle()
  File "C:\Users\Flower\AppData\Local\Programs\Python\Python312\Lib\http\server.py", line 436, in handle
    self.handle_one_request()
  File "C:\Users\Flower\AppData\Local\Programs\Python\Python312\Lib\http\server.py", line 424, in handle_one_request
    method()
  File "C:\Users\Flower\AppData\Local\Programs\Python\Python312\Lib\http\server.py", line 679, in do_GET
    self.copyfile(f, self.wfile)
  File "C:\Users\Flower\AppData\Local\Programs\Python\Python312\Lib\http\server.py", line 878, in copyfile
    shutil.copyfileobj(source, outputfile)
  File "C:\Users\Flower\AppData\Local\Programs\Python\Python312\Lib\shutil.py", line 204, in copyfileobj
    fdst_write(buf)
  File "C:\Users\Flower\AppData\Local\Programs\Python\Python312\Lib\socketserver.py", line 840, in write
    self._sock.sendall(b)
ConnectionAbortedError: [WinError 10053] Программа на вашем хост-компьютере разорвала установленное подключение
----------------------------------------
----------------------------------------
Exception occurred during processing of request from ('::1', 54134, 0, 0)
Traceback (most recent call last):
  File "C:\Users\Flower\AppData\Local\Programs\Python\Python312\Lib\socketserver.py", line 692, in process_request_thread
    self.finish_request(request, client_address)
  File "C:\Users\Flower\AppData\Local\Programs\Python\Python312\Lib\http\server.py", line 1311, in finish_request
    self.RequestHandlerClass(request, client_address, self,
  File "C:\Users\Flower\AppData\Local\Programs\Python\Python312\Lib\http\server.py", line 672, in __init__
    super().__init__(*args, **kwargs)
  File "C:\Users\Flower\AppData\Local\Programs\Python\Python312\Lib\socketserver.py", line 761, in __init__
    self.handle()
  File "C:\Users\Flower\AppData\Local\Programs\Python\Python312\Lib\http\server.py", line 436, in handle
    self.handle_one_request()
::1 - - [09/Aug/2026 18:55:20] "GET /assets/case-elina-web.mp4 HTTP/1.1" 200 -
  File "C:\Users\Flower\AppData\Local\Programs\Python\Python312\Lib\http\server.py", line 424, in handle_one_request
    method()
  File "C:\Users\Flower\AppData\Local\Programs\Python\Python312\Lib\http\server.py", line 679, in do_GET
    self.copyfile(f, self.wfile)
  File "C:\Users\Flower\AppData\Local\Programs\Python\Python312\Lib\http\server.py", line 878, in copyfile
    shutil.copyfileobj(source, outputfile)
  File "C:\Users\Flower\AppData\Local\Programs\Python\Python312\Lib\shutil.py", line 204, in copyfileobj
    fdst_write(buf)
  File "C:\Users\Flower\AppData\Local\Programs\Python\Python312\Lib\socketserver.py", line 840, in write
    self._sock.sendall(b)
ConnectionAbortedError: [WinError 10053] Программа на вашем хост-компьютере разорвала установленное подключение
----------------------------------------
----------------------------------------
Exception occurred during processing of request from ('::1', 65105, 0, 0)
Traceback (most recent call last):
  File "C:\Users\Flower\AppData\Local\Programs\Python\Python312\Lib\socketserver.py", line 692, in process_request_thread
    self.finish_request(request, client_address)
  File "C:\Users\Flower\AppData\Local\Programs\Python\Python312\Lib\http\server.py", line 1311, in finish_request
    self.RequestHandlerClass(request, client_address, self,
  File "C:\Users\Flower\AppData\Local\Programs\Python\Python312\Lib\http\server.py", line 672, in __init__
    super().__init__(*args, **kwargs)
  File "C:\Users\Flower\AppData\Local\Programs\Python\Python312\Lib\socketserver.py", line 761, in __init__
    self.handle()
::1 - - [09/Aug/2026 18:55:20] "GET /assets/case-elina-web.mp4 HTTP/1.1" 200 -
  File "C:\Users\Flower\AppData\Local\Programs\Python\Python312\Lib\http\server.py", line 436, in handle
    self.handle_one_request()
  File "C:\Users\Flower\AppData\Local\Programs\Python\Python312\Lib\http\server.py", line 424, in handle_one_request
    method()
  File "C:\Users\Flower\AppData\Local\Programs\Python\Python312\Lib\http\server.py", line 679, in do_GET
    self.copyfile(f, self.wfile)
  File "C:\Users\Flower\AppData\Local\Programs\Python\Python312\Lib\http\server.py", line 878, in copyfile
    shutil.copyfileobj(source, outputfile)
  File "C:\Users\Flower\AppData\Local\Programs\Python\Python312\Lib\shutil.py", line 204, in copyfileobj
    fdst_write(buf)
  File "C:\Users\Flower\AppData\Local\Programs\Python\Python312\Lib\socketserver.py", line 840, in write
    self._sock.sendall(b)
ConnectionAbortedError: [WinError 10053] Программа на вашем хост-компьютере разорвала установленное подключение
----------------------------------------
----------------------------------------
Exception occurred during processing of request from ('::1', 62390, 0, 0)
Traceback (most recent call last):
  File "C:\Users\Flower\AppData\Local\Programs\Python\Python312\Lib\socketserver.py", line 692, in process_request_thread
    self.finish_request(request, client_address)
  File "C:\Users\Flower\AppData\Local\Programs\Python\Python312\Lib\http\server.py", line 1311, in finish_request
    self.RequestHandlerClass(request, client_address, self,
  File "C:\Users\Flower\AppData\Local\Programs\Python\Python312\Lib\http\server.py", line 672, in __init__
    super().__init__(*args, **kwargs)
  File "C:\Users\Flower\AppData\Local\Programs\Python\Python312\Lib\socketserver.py", line 761, in __init__
    self.handle()
::1 - - [09/Aug/2026 18:55:20] "GET /assets/case-elina-web.mp4 HTTP/1.1" 200 -
  File "C:\Users\Flower\AppData\Local\Programs\Python\Python312\Lib\http\server.py", line 436, in handle
    self.handle_one_request()
  File "C:\Users\Flower\AppData\Local\Programs\Python\Python312\Lib\http\server.py", line 424, in handle_one_request
    method()
  File "C:\Users\Flower\AppData\Local\Programs\Python\Python312\Lib\http\server.py", line 679, in do_GET
    self.copyfile(f, self.wfile)
  File "C:\Users\Flower\AppData\Local\Programs\Python\Python312\Lib\http\server.py", line 878, in copyfile
    shutil.copyfileobj(source, outputfile)
  File "C:\Users\Flower\AppData\Local\Programs\Python\Python312\Lib\shutil.py", line 204, in copyfileobj
    fdst_write(buf)
  File "C:\Users\Flower\AppData\Local\Programs\Python\Python312\Lib\socketserver.py", line 840, in write
    self._sock.sendall(b)
ConnectionAbortedError: [WinError 10053] Программа на вашем хост-компьютере разорвала установленное подключение
----------------------------------------
----------------------------------------
Exception occurred during processing of request from ('::1', 56992, 0, 0)
Traceback (most recent call last):
  File "C:\Users\Flower\AppData\Local\Programs\Python\Python312\Lib\socketserver.py", line 692, in process_request_thread
    self.finish_request(request, client_address)
  File "C:\Users\Flower\AppData\Local\Programs\Python\Python312\Lib\http\server.py", line 1311, in finish_request
    self.RequestHandlerClass(request, client_address, self,
  File "C:\Users\Flower\AppData\Local\Programs\Python\Python312\Lib\http\server.py", line 672, in __init__
    super().__init__(*args, **kwargs)
  File "C:\Users\Flower\AppData\Local\Programs\Python\Python312\Lib\socketserver.py", line 761, in __init__
    self.handle()
  File "C:\Users\Flower\AppData\Local\Programs\Python\Python312\Lib\http\server.py", line 436, in handle
    self.handle_one_request()
  File "C:\Users\Flower\AppData\Local\Programs\Python\Python312\Lib\http\server.py", line 424, in handle_one_request
    method()
  File "C:\Users\Flower\AppData\Local\Programs\Python\Python312\Lib\http\server.py", line 679, in do_GET
    self.copyfile(f, self.wfile)
  File "C:\Users\Flower\AppData\Local\Programs\Python\Python312\Lib\http\server.py", line 878, in copyfile
    shutil.copyfileobj(source, outputfile)
  File "C:\Users\Flower\AppData\Local\Programs\Python\Python312\Lib\shutil.py", line 204, in copyfileobj
    fdst_write(buf)
  File "C:\Users\Flower\AppData\Local\Programs\Python\Python312\Lib\socketserver.py", line 840, in write
    self._sock.sendall(b)
ConnectionAbortedError: [WinError 10053] Программа на вашем хост-компьютере разорвала установленное подключение
----------------------------------------
::1 - - [09/Aug/2026 18:57:35] "GET /assets/case-elina-web.mp4 HTTP/1.1" 200 -
----------------------------------------
Exception occurred during processing of request from ('::1', 50907, 0, 0)
Traceback (most recent call last):
  File "C:\Users\Flower\AppData\Local\Programs\Python\Python312\Lib\socketserver.py", line 692, in process_request_thread
    self.finish_request(request, client_address)
  File "C:\Users\Flower\AppData\Local\Programs\Python\Python312\Lib\http\server.py", line 1311, in finish_request
    self.RequestHandlerClass(request, client_address, self,
  File "C:\Users\Flower\AppData\Local\Programs\Python\Python312\Lib\http\server.py", line 672, in __init__
    super().__init__(*args, **kwargs)
  File "C:\Users\Flower\AppData\Local\Programs\Python\Python312\Lib\socketserver.py", line 761, in __init__
    self.handle()
  File "C:\Users\Flower\AppData\Local\Programs\Python\Python312\Lib\http\server.py", line 436, in handle
    self.handle_one_request()
  File "C:\Users\Flower\AppData\Local\Programs\Python\Python312\Lib\http\server.py", line 424, in handle_one_request
    method()
  File "C:\Users\Flower\AppData\Local\Programs\Python\Python312\Lib\http\server.py", line 679, in do_GET
    self.copyfile(f, self.wfile)
::1 - - [09/Aug/2026 18:57:35] "GET /assets/case-elina-web.mp4 HTTP/1.1" 200 -
  File "C:\Users\Flower\AppData\Local\Programs\Python\Python312\Lib\http\server.py", line 878, in copyfile
    shutil.copyfileobj(source, outputfile)
  File "C:\Users\Flower\AppData\Local\Programs\Python\Python312\Lib\shutil.py", line 204, in copyfileobj
    fdst_write(buf)
  File "C:\Users\Flower\AppData\Local\Programs\Python\Python312\Lib\socketserver.py", line 840, in write
    self._sock.sendall(b)
ConnectionResetError: [WinError 10054] Удаленный хост принудительно разорвал существующее подключение
----------------------------------------
----------------------------------------
Exception occurred during processing of request from ('::1', 59661, 0, 0)
Traceback (most recent call last):
  File "C:\Users\Flower\AppData\Local\Programs\Python\Python312\Lib\socketserver.py", line 692, in process_request_thread
    self.finish_request(request, client_address)
  File "C:\Users\Flower\AppData\Local\Programs\Python\Python312\Lib\http\server.py", line 1311, in finish_request
    self.RequestHandlerClass(request, client_address, self,
  File "C:\Users\Flower\AppData\Local\Programs\Python\Python312\Lib\http\server.py", line 672, in __init__
    super().__init__(*args, **kwargs)
  File "C:\Users\Flower\AppData\Local\Programs\Python\Python312\Lib\socketserver.py", line 761, in __init__
    self.handle()
  File "C:\Users\Flower\AppData\Local\Programs\Python\Python312\Lib\http\server.py", line 436, in handle
    self.handle_one_request()
::1 - - [09/Aug/2026 18:57:35] "GET /assets/case-elina-web.mp4 HTTP/1.1" 200 -
  File "C:\Users\Flower\AppData\Local\Programs\Python\Python312\Lib\http\server.py", line 424, in handle_one_request
    method()
  File "C:\Users\Flower\AppData\Local\Programs\Python\Python312\Lib\http\server.py", line 679, in do_GET
    self.copyfile(f, self.wfile)
  File "C:\Users\Flower\AppData\Local\Programs\Python\Python312\Lib\http\server.py", line 878, in copyfile
    shutil.copyfileobj(source, outputfile)
  File "C:\Users\Flower\AppData\Local\Programs\Python\Python312\Lib\shutil.py", line 204, in copyfileobj
    fdst_write(buf)
  File "C:\Users\Flower\AppData\Local\Programs\Python\Python312\Lib\socketserver.py", line 840, in write
    self._sock.sendall(b)
ConnectionAbortedError: [WinError 10053] Программа на вашем хост-компьютере разорвала установленное подключение
----------------------------------------
----------------------------------------
Exception occurred during processing of request from ('::1', 53285, 0, 0)
Traceback (most recent call last):
  File "C:\Users\Flower\AppData\Local\Programs\Python\Python312\Lib\socketserver.py", line 692, in process_request_thread
    self.finish_request(request, client_address)
  File "C:\Users\Flower\AppData\Local\Programs\Python\Python312\Lib\http\server.py", line 1311, in finish_request
    self.RequestHandlerClass(request, client_address, self,
  File "C:\Users\Flower\AppData\Local\Programs\Python\Python312\Lib\http\server.py", line 672, in __init__
    super().__init__(*args, **kwargs)
  File "C:\Users\Flower\AppData\Local\Programs\Python\Python312\Lib\socketserver.py", line 761, in __init__
    self.handle()
  File "C:\Users\Flower\AppData\Local\Programs\Python\Python312\Lib\http\server.py", line 436, in handle
    self.handle_one_request()
::1 - - [09/Aug/2026 18:57:35] "GET /assets/case-elina-web.mp4 HTTP/1.1" 200 -
  File "C:\Users\Flower\AppData\Local\Programs\Python\Python312\Lib\http\server.py", line 424, in handle_one_request
    method()
  File "C:\Users\Flower\AppData\Local\Programs\Python\Python312\Lib\http\server.py", line 679, in do_GET
    self.copyfile(f, self.wfile)
  File "C:\Users\Flower\AppData\Local\Programs\Python\Python312\Lib\http\server.py", line 878, in copyfile
    shutil.copyfileobj(source, outputfile)
  File "C:\Users\Flower\AppData\Local\Programs\Python\Python312\Lib\shutil.py", line 204, in copyfileobj
    fdst_write(buf)
  File "C:\Users\Flower\AppData\Local\Programs\Python\Python312\Lib\socketserver.py", line 840, in write
    self._sock.sendall(b)
ConnectionAbortedError: [WinError 10053] Программа на вашем хост-компьютере разорвала установленное подключение
----------------------------------------
----------------------------------------
Exception occurred during processing of request from ('::1', 54869, 0, 0)
Traceback (most recent call last):
  File "C:\Users\Flower\AppData\Local\Programs\Python\Python312\Lib\socketserver.py", line 692, in process_request_thread
    self.finish_request(request, client_address)
  File "C:\Users\Flower\AppData\Local\Programs\Python\Python312\Lib\http\server.py", line 1311, in finish_request
    self.RequestHandlerClass(request, client_address, self,
  File "C:\Users\Flower\AppData\Local\Programs\Python\Python312\Lib\http\server.py", line 672, in __init__
    super().__init__(*args, **kwargs)
  File "C:\Users\Flower\AppData\Local\Programs\Python\Python312\Lib\socketserver.py", line 761, in __init__
    self.handle()
  File "C:\Users\Flower\AppData\Local\Programs\Python\Python312\Lib\http\server.py", line 436, in handle
    self.handle_one_request()
  File "C:\Users\Flower\AppData\Local\Programs\Python\Python312\Lib\http\server.py", line 424, in handle_one_request
    method()
  File "C:\Users\Flower\AppData\Local\Programs\Python\Python312\Lib\http\server.py", line 679, in do_GET
    self.copyfile(f, self.wfile)
  File "C:\Users\Flower\AppData\Local\Programs\Python\Python312\Lib\http\server.py", line 878, in copyfile
    shutil.copyfileobj(source, outputfile)
  File "C:\Users\Flower\AppData\Local\Programs\Python\Python312\Lib\shutil.py", line 204, in copyfileobj
    fdst_write(buf)
  File "C:\Users\Flower\AppData\Local\Programs\Python\Python312\Lib\socketserver.py", line 840, in write
    self._sock.sendall(b)
ConnectionAbortedError: [WinError 10053] Программа на вашем хост-компьютере разорвала установленное подключение
----------------------------------------
::1 - - [09/Aug/2026 18:57:35] "GET /assets/case-elina-web.mp4 HTTP/1.1" 200 -
----------------------------------------
Exception occurred during processing of request from ('::1', 59340, 0, 0)
Traceback (most recent call last):
  File "C:\Users\Flower\AppData\Local\Programs\Python\Python312\Lib\socketserver.py", line 692, in process_request_thread
    self.finish_request(request, client_address)
  File "C:\Users\Flower\AppData\Local\Programs\Python\Python312\Lib\http\server.py", line 1311, in finish_request
    self.RequestHandlerClass(request, client_address, self,
  File "C:\Users\Flower\AppData\Local\Programs\Python\Python312\Lib\http\server.py", line 672, in __init__
    super().__init__(*args, **kwargs)
  File "C:\Users\Flower\AppData\Local\Programs\Python\Python312\Lib\socketserver.py", line 761, in __init__
    self.handle()
  File "C:\Users\Flower\AppData\Local\Programs\Python\Python312\Lib\http\server.py", line 436, in handle
    self.handle_one_request()
::1 - - [09/Aug/2026 18:57:35] "GET /assets/case-elina-web.mp4 HTTP/1.1" 200 -
  File "C:\Users\Flower\AppData\Local\Programs\Python\Python312\Lib\http\server.py", line 424, in handle_one_request
    method()
  File "C:\Users\Flower\AppData\Local\Programs\Python\Python312\Lib\http\server.py", line 679, in do_GET
    self.copyfile(f, self.wfile)
  File "C:\Users\Flower\AppData\Local\Programs\Python\Python312\Lib\http\server.py", line 878, in copyfile
    shutil.copyfileobj(source, outputfile)
  File "C:\Users\Flower\AppData\Local\Programs\Python\Python312\Lib\shutil.py", line 204, in copyfileobj
    fdst_write(buf)
  File "C:\Users\Flower\AppData\Local\Programs\Python\Python312\Lib\socketserver.py", line 840, in write
    self._sock.sendall(b)
ConnectionAbortedError: [WinError 10053] Программа на вашем хост-компьютере разорвала установленное подключение
----------------------------------------
----------------------------------------
Exception occurred during processing of request from ('::1', 59898, 0, 0)
Traceback (most recent call last):
  File "C:\Users\Flower\AppData\Local\Programs\Python\Python312\Lib\socketserver.py", line 692, in process_request_thread
    self.finish_request(request, client_address)
  File "C:\Users\Flower\AppData\Local\Programs\Python\Python312\Lib\http\server.py", line 1311, in finish_request
    self.RequestHandlerClass(request, client_address, self,
::1 - - [09/Aug/2026 18:57:35] "GET /assets/case-elina-web.mp4 HTTP/1.1" 200 -
  File "C:\Users\Flower\AppData\Local\Programs\Python\Python312\Lib\http\server.py", line 672, in __init__
    super().__init__(*args, **kwargs)
  File "C:\Users\Flower\AppData\Local\Programs\Python\Python312\Lib\socketserver.py", line 761, in __init__
    self.handle()
  File "C:\Users\Flower\AppData\Local\Programs\Python\Python312\Lib\http\server.py", line 436, in handle
    self.handle_one_request()
  File "C:\Users\Flower\AppData\Local\Programs\Python\Python312\Lib\http\server.py", line 424, in handle_one_request
    method()
  File "C:\Users\Flower\AppData\Local\Programs\Python\Python312\Lib\http\server.py", line 679, in do_GET
    self.copyfile(f, self.wfile)
  File "C:\Users\Flower\AppData\Local\Programs\Python\Python312\Lib\http\server.py", line 878, in copyfile
    shutil.copyfileobj(source, outputfile)
  File "C:\Users\Flower\AppData\Local\Programs\Python\Python312\Lib\shutil.py", line 204, in copyfileobj
    fdst_write(buf)
  File "C:\Users\Flower\AppData\Local\Programs\Python\Python312\Lib\socketserver.py", line 840, in write
    self._sock.sendall(b)
ConnectionAbortedError: [WinError 10053] Программа на вашем хост-компьютере разорвала установленное подключение
----------------------------------------
----------------------------------------
Exception occurred during processing of request from ('::1', 59267, 0, 0)
Traceback (most recent call last):
  File "C:\Users\Flower\AppData\Local\Programs\Python\Python312\Lib\socketserver.py", line 692, in process_request_thread
    self.finish_request(request, client_address)
  File "C:\Users\Flower\AppData\Local\Programs\Python\Python312\Lib\http\server.py", line 1311, in finish_request
    self.RequestHandlerClass(request, client_address, self,
  File "C:\Users\Flower\AppData\Local\Programs\Python\Python312\Lib\http\server.py", line 672, in __init__
    super().__init__(*args, **kwargs)
  File "C:\Users\Flower\AppData\Local\Programs\Python\Python312\Lib\socketserver.py", line 761, in __init__
    self.handle()
  File "C:\Users\Flower\AppData\Local\Programs\Python\Python312\Lib\http\server.py", line 436, in handle
    self.handle_one_request()
  File "C:\Users\Flower\AppData\Local\Programs\Python\Python312\Lib\http\server.py", line 424, in handle_one_request
    method()
  File "C:\Users\Flower\AppData\Local\Programs\Python\Python312\Lib\http\server.py", line 679, in do_GET
    self.copyfile(f, self.wfile)
  File "C:\Users\Flower\AppData\Local\Programs\Python\Python312\Lib\http\server.py", line 878, in copyfile
    shutil.copyfileobj(source, outputfile)
  File "C:\Users\Flower\AppData\Local\Programs\Python\Python312\Lib\shutil.py", line 204, in copyfileobj
    fdst_write(buf)
  File "C:\Users\Flower\AppData\Local\Programs\Python\Python312\Lib\socketserver.py", line 840, in write
    self._sock.sendall(b)
::1 - - [09/Aug/2026 18:57:35] "GET /assets/case-elina-web.mp4 HTTP/1.1" 200 -
ConnectionAbortedError: [WinError 10053] Программа на вашем хост-компьютере разорвала установленное подключение
----------------------------------------
----------------------------------------
Exception occurred during processing of request from ('::1', 52279, 0, 0)
Traceback (most recent call last):
  File "C:\Users\Flower\AppData\Local\Programs\Python\Python312\Lib\socketserver.py", line 692, in process_request_thread
    self.finish_request(request, client_address)
  File "C:\Users\Flower\AppData\Local\Programs\Python\Python312\Lib\http\server.py", line 1311, in finish_request
    self.RequestHandlerClass(request, client_address, self,
  File "C:\Users\Flower\AppData\Local\Programs\Python\Python312\Lib\http\server.py", line 672, in __init__
    super().__init__(*args, **kwargs)
  File "C:\Users\Flower\AppData\Local\Programs\Python\Python312\Lib\socketserver.py", line 761, in __init__
    self.handle()
::1 - - [09/Aug/2026 18:57:35] "GET /assets/case-elina-web.mp4 HTTP/1.1" 200 -
  File "C:\Users\Flower\AppData\Local\Programs\Python\Python312\Lib\http\server.py", line 436, in handle
    self.handle_one_request()
  File "C:\Users\Flower\AppData\Local\Programs\Python\Python312\Lib\http\server.py", line 424, in handle_one_request
    method()
  File "C:\Users\Flower\AppData\Local\Programs\Python\Python312\Lib\http\server.py", line 679, in do_GET
    self.copyfile(f, self.wfile)
  File "C:\Users\Flower\AppData\Local\Programs\Python\Python312\Lib\http\server.py", line 878, in copyfile
    shutil.copyfileobj(source, outputfile)
  File "C:\Users\Flower\AppData\Local\Programs\Python\Python312\Lib\shutil.py", line 204, in copyfileobj
    fdst_write(buf)
  File "C:\Users\Flower\AppData\Local\Programs\Python\Python312\Lib\socketserver.py", line 840, in write
    self._sock.sendall(b)
ConnectionAbortedError: [WinError 10053] Программа на вашем хост-компьютере разорвала установленное подключение
----------------------------------------
----------------------------------------
Exception occurred during processing of request from ('::1', 63962, 0, 0)
Traceback (most recent call last):
  File "C:\Users\Flower\AppData\Local\Programs\Python\Python312\Lib\socketserver.py", line 692, in process_request_thread
    self.finish_request(request, client_address)
  File "C:\Users\Flower\AppData\Local\Programs\Python\Python312\Lib\http\server.py", line 1311, in finish_request
    self.RequestHandlerClass(request, client_address, self,
  File "C:\Users\Flower\AppData\Local\Programs\Python\Python312\Lib\http\server.py", line 672, in __init__
    super().__init__(*args, **kwargs)
  File "C:\Users\Flower\AppData\Local\Programs\Python\Python312\Lib\socketserver.py", line 761, in __init__
    self.handle()
  File "C:\Users\Flower\AppData\Local\Programs\Python\Python312\Lib\http\server.py", line 436, in handle
    self.handle_one_request()
::1 - - [09/Aug/2026 18:57:35] "GET /assets/case-elina-web.mp4 HTTP/1.1" 200 -
  File "C:\Users\Flower\AppData\Local\Programs\Python\Python312\Lib\http\server.py", line 424, in handle_one_request
    method()
  File "C:\Users\Flower\AppData\Local\Programs\Python\Python312\Lib\http\server.py", line 679, in do_GET
    self.copyfile(f, self.wfile)
  File "C:\Users\Flower\AppData\Local\Programs\Python\Python312\Lib\http\server.py", line 878, in copyfile
    shutil.copyfileobj(source, outputfile)
  File "C:\Users\Flower\AppData\Local\Programs\Python\Python312\Lib\shutil.py", line 204, in copyfileobj
    fdst_write(buf)
  File "C:\Users\Flower\AppData\Local\Programs\Python\Python312\Lib\socketserver.py", line 840, in write
    self._sock.sendall(b)
ConnectionAbortedError: [WinError 10053] Программа на вашем хост-компьютере разорвала установленное подключение
----------------------------------------
----------------------------------------
Exception occurred during processing of request from ('::1', 51157, 0, 0)
Traceback (most recent call last):
  File "C:\Users\Flower\AppData\Local\Programs\Python\Python312\Lib\socketserver.py", line 692, in process_request_thread
    self.finish_request(request, client_address)
  File "C:\Users\Flower\AppData\Local\Programs\Python\Python312\Lib\http\server.py", line 1311, in finish_request
    self.RequestHandlerClass(request, client_address, self,
  File "C:\Users\Flower\AppData\Local\Programs\Python\Python312\Lib\http\server.py", line 672, in __init__
    super().__init__(*args, **kwargs)
  File "C:\Users\Flower\AppData\Local\Programs\Python\Python312\Lib\socketserver.py", line 761, in __init__
    self.handle()
  File "C:\Users\Flower\AppData\Local\Programs\Python\Python312\Lib\http\server.py", line 436, in handle
    self.handle_one_request()
::1 - - [09/Aug/2026 18:57:35] "GET /assets/case-elina-web.mp4 HTTP/1.1" 200 -
  File "C:\Users\Flower\AppData\Local\Programs\Python\Python312\Lib\http\server.py", line 424, in handle_one_request
    method()
  File "C:\Users\Flower\AppData\Local\Programs\Python\Python312\Lib\http\server.py", line 679, in do_GET
    self.copyfile(f, self.wfile)
  File "C:\Users\Flower\AppData\Local\Programs\Python\Python312\Lib\http\server.py", line 878, in copyfile
    shutil.copyfileobj(source, outputfile)
  File "C:\Users\Flower\AppData\Local\Programs\Python\Python312\Lib\shutil.py", line 204, in copyfileobj
    fdst_write(buf)
  File "C:\Users\Flower\AppData\Local\Programs\Python\Python312\Lib\socketserver.py", line 840, in write
    self._sock.sendall(b)
ConnectionAbortedError: [WinError 10053] Программа на вашем хост-компьютере разорвала установленное подключение
----------------------------------------
----------------------------------------
Exception occurred during processing of request from ('::1', 64110, 0, 0)
Traceback (most recent call last):
  File "C:\Users\Flower\AppData\Local\Programs\Python\Python312\Lib\socketserver.py", line 692, in process_request_thread
    self.finish_request(request, client_address)
  File "C:\Users\Flower\AppData\Local\Programs\Python\Python312\Lib\http\server.py", line 1311, in finish_request
    self.RequestHandlerClass(request, client_address, self,
  File "C:\Users\Flower\AppData\Local\Programs\Python\Python312\Lib\http\server.py", line 672, in __init__
    super().__init__(*args, **kwargs)
  File "C:\Users\Flower\AppData\Local\Programs\Python\Python312\Lib\socketserver.py", line 761, in __init__
    self.handle()
::1 - - [09/Aug/2026 18:57:35] "GET /assets/case-elina-web.mp4 HTTP/1.1" 200 -
  File "C:\Users\Flower\AppData\Local\Programs\Python\Python312\Lib\http\server.py", line 436, in handle
    self.handle_one_request()
  File "C:\Users\Flower\AppData\Local\Programs\Python\Python312\Lib\http\server.py", line 424, in handle_one_request
    method()
  File "C:\Users\Flower\AppData\Local\Programs\Python\Python312\Lib\http\server.py", line 679, in do_GET
    self.copyfile(f, self.wfile)
  File "C:\Users\Flower\AppData\Local\Programs\Python\Python312\Lib\http\server.py", line 878, in copyfile
    shutil.copyfileobj(source, outputfile)
  File "C:\Users\Flower\AppData\Local\Programs\Python\Python312\Lib\shutil.py", line 204, in copyfileobj
    fdst_write(buf)
  File "C:\Users\Flower\AppData\Local\Programs\Python\Python312\Lib\socketserver.py", line 840, in write
    self._sock.sendall(b)
ConnectionAbortedError: [WinError 10053] Программа на вашем хост-компьютере разорвала установленное подключение
----------------------------------------
----------------------------------------
Exception occurred during processing of request from ('::1', 59991, 0, 0)
Traceback (most recent call last):
  File "C:\Users\Flower\AppData\Local\Programs\Python\Python312\Lib\socketserver.py", line 692, in process_request_thread
    self.finish_request(request, client_address)
  File "C:\Users\Flower\AppData\Local\Programs\Python\Python312\Lib\http\server.py", line 1311, in finish_request
    self.RequestHandlerClass(request, client_address, self,
  File "C:\Users\Flower\AppData\Local\Programs\Python\Python312\Lib\http\server.py", line 672, in __init__
    super().__init__(*args, **kwargs)
  File "C:\Users\Flower\AppData\Local\Programs\Python\Python312\Lib\socketserver.py", line 761, in __init__
    self.handle()
  File "C:\Users\Flower\AppData\Local\Programs\Python\Python312\Lib\http\server.py", line 436, in handle
    self.handle_one_request()
  File "C:\Users\Flower\AppData\Local\Programs\Python\Python312\Lib\http\server.py", line 424, in handle_one_request
    method()
  File "C:\Users\Flower\AppData\Local\Programs\Python\Python312\Lib\http\server.py", line 679, in do_GET
    self.copyfile(f, self.wfile)
  File "C:\Users\Flower\AppData\Local\Programs\Python\Python312\Lib\http\server.py", line 878, in copyfile
    shutil.copyfileobj(source, outputfile)
  File "C:\Users\Flower\AppData\Local\Programs\Python\Python312\Lib\shutil.py", line 204, in copyfileobj
    fdst_write(buf)
  File "C:\Users\Flower\AppData\Local\Programs\Python\Python312\Lib\socketserver.py", line 840, in write
    self._sock.sendall(b)
ConnectionResetError: [WinError 10054] Удаленный хост принудительно разорвал существующее подключение
----------------------------------------
::1 - - [09/Aug/2026 18:57:35] "GET /assets/case-elina-web.mp4 HTTP/1.1" 200 -
----------------------------------------
::1 - - [09/Aug/2026 18:57:35] "GET /assets/case-elina-web.mp4 HTTP/1.1" 200 -
Exception occurred during processing of request from ('::1', 59412, 0, 0)
Traceback (most recent call last):
  File "C:\Users\Flower\AppData\Local\Programs\Python\Python312\Lib\socketserver.py", line 692, in process_request_thread
    self.finish_request(request, client_address)
  File "C:\Users\Flower\AppData\Local\Programs\Python\Python312\Lib\http\server.py", line 1311, in finish_request
    self.RequestHandlerClass(request, client_address, self,
  File "C:\Users\Flower\AppData\Local\Programs\Python\Python312\Lib\http\server.py", line 672, in __init__
    super().__init__(*args, **kwargs)
  File "C:\Users\Flower\AppData\Local\Programs\Python\Python312\Lib\socketserver.py", line 761, in __init__
    self.handle()
  File "C:\Users\Flower\AppData\Local\Programs\Python\Python312\Lib\http\server.py", line 436, in handle
    self.handle_one_request()
  File "C:\Users\Flower\AppData\Local\Programs\Python\Python312\Lib\http\server.py", line 424, in handle_one_request
    method()
  File "C:\Users\Flower\AppData\Local\Programs\Python\Python312\Lib\http\server.py", line 679, in do_GET
    self.copyfile(f, self.wfile)
  File "C:\Users\Flower\AppData\Local\Programs\Python\Python312\Lib\http\server.py", line 878, in copyfile
    shutil.copyfileobj(source, outputfile)
  File "C:\Users\Flower\AppData\Local\Programs\Python\Python312\Lib\shutil.py", line 204, in copyfileobj
    fdst_write(buf)
  File "C:\Users\Flower\AppData\Local\Programs\Python\Python312\Lib\socketserver.py", line 840, in write
    self._sock.sendall(b)
ConnectionAbortedError: [WinError 10053] Программа на вашем хост-компьютере разорвала установленное подключение
----------------------------------------
----------------------------------------
Exception occurred during processing of request from ('::1', 54169, 0, 0)
Traceback (most recent call last):
  File "C:\Users\Flower\AppData\Local\Programs\Python\Python312\Lib\socketserver.py", line 692, in process_request_thread
    self.finish_request(request, client_address)
  File "C:\Users\Flower\AppData\Local\Programs\Python\Python312\Lib\http\server.py", line 1311, in finish_request
    self.RequestHandlerClass(request, client_address, self,
  File "C:\Users\Flower\AppData\Local\Programs\Python\Python312\Lib\http\server.py", line 672, in __init__
    super().__init__(*args, **kwargs)
  File "C:\Users\Flower\AppData\Local\Programs\Python\Python312\Lib\socketserver.py", line 761, in __init__
    self.handle()
  File "C:\Users\Flower\AppData\Local\Programs\Python\Python312\Lib\http\server.py", line 436, in handle
    self.handle_one_request()
  File "C:\Users\Flower\AppData\Local\Programs\Python\Python312\Lib\http\server.py", line 424, in handle_one_request
    method()
  File "C:\Users\Flower\AppData\Local\Programs\Python\Python312\Lib\http\server.py", line 679, in do_GET
    self.copyfile(f, self.wfile)
::1 - - [09/Aug/2026 18:57:35] "GET /assets/case-elina-web.mp4 HTTP/1.1" 200 -
  File "C:\Users\Flower\AppData\Local\Programs\Python\Python312\Lib\http\server.py", line 878, in copyfile
    shutil.copyfileobj(source, outputfile)
  File "C:\Users\Flower\AppData\Local\Programs\Python\Python312\Lib\shutil.py", line 204, in copyfileobj
    fdst_write(buf)
  File "C:\Users\Flower\AppData\Local\Programs\Python\Python312\Lib\socketserver.py", line 840, in write
    self._sock.sendall(b)
ConnectionResetError: [WinError 10054] Удаленный хост принудительно разорвал существующее подключение
----------------------------------------
----------------------------------------
Exception occurred during processing of request from ('::1', 62296, 0, 0)
Traceback (most recent call last):
  File "C:\Users\Flower\AppData\Local\Programs\Python\Python312\Lib\socketserver.py", line 692, in process_request_thread
    self.finish_request(request, client_address)
  File "C:\Users\Flower\AppData\Local\Programs\Python\Python312\Lib\http\server.py", line 1311, in finish_request
    self.RequestHandlerClass(request, client_address, self,
  File "C:\Users\Flower\AppData\Local\Programs\Python\Python312\Lib\http\server.py", line 672, in __init__
    super().__init__(*args, **kwargs)
  File "C:\Users\Flower\AppData\Local\Programs\Python\Python312\Lib\socketserver.py", line 761, in __init__
    self.handle()
  File "C:\Users\Flower\AppData\Local\Programs\Python\Python312\Lib\http\server.py", line 436, in handle
    self.handle_one_request()
  File "C:\Users\Flower\AppData\Local\Programs\Python\Python312\Lib\http\server.py", line 424, in handle_one_request
    method()
  File "C:\Users\Flower\AppData\Local\Programs\Python\Python312\Lib\http\server.py", line 679, in do_GET
    self.copyfile(f, self.wfile)
  File "C:\Users\Flower\AppData\Local\Programs\Python\Python312\Lib\http\server.py", line 878, in copyfile
    shutil.copyfileobj(source, outputfile)
  File "C:\Users\Flower\AppData\Local\Programs\Python\Python312\Lib\shutil.py", line 204, in copyfileobj
    fdst_write(buf)
::1 - - [09/Aug/2026 18:57:35] "GET /assets/case-elina-web.mp4 HTTP/1.1" 200 -
  File "C:\Users\Flower\AppData\Local\Programs\Python\Python312\Lib\socketserver.py", line 840, in write
    self._sock.sendall(b)
ConnectionResetError: [WinError 10054] Удаленный хост принудительно разорвал существующее подключение
----------------------------------------
----------------------------------------
Exception occurred during processing of request from ('::1', 57335, 0, 0)
Traceback (most recent call last):
  File "C:\Users\Flower\AppData\Local\Programs\Python\Python312\Lib\socketserver.py", line 692, in process_request_thread
    self.finish_request(request, client_address)
  File "C:\Users\Flower\AppData\Local\Programs\Python\Python312\Lib\http\server.py", line 1311, in finish_request
    self.RequestHandlerClass(request, client_address, self,
  File "C:\Users\Flower\AppData\Local\Programs\Python\Python312\Lib\http\server.py", line 672, in __init__
    super().__init__(*args, **kwargs)
  File "C:\Users\Flower\AppData\Local\Programs\Python\Python312\Lib\socketserver.py", line 761, in __init__
    self.handle()
  File "C:\Users\Flower\AppData\Local\Programs\Python\Python312\Lib\http\server.py", line 436, in handle
    self.handle_one_request()
  File "C:\Users\Flower\AppData\Local\Programs\Python\Python312\Lib\http\server.py", line 424, in handle_one_request
    method()
  File "C:\Users\Flower\AppData\Local\Programs\Python\Python312\Lib\http\server.py", line 679, in do_GET
    self.copyfile(f, self.wfile)
  File "C:\Users\Flower\AppData\Local\Programs\Python\Python312\Lib\http\server.py", line 878, in copyfile
    shutil.copyfileobj(source, outputfile)
  File "C:\Users\Flower\AppData\Local\Programs\Python\Python312\Lib\shutil.py", line 204, in copyfileobj
    fdst_write(buf)
  File "C:\Users\Flower\AppData\Local\Programs\Python\Python312\Lib\socketserver.py", line 840, in write
    self._sock.sendall(b)
ConnectionAbortedError: [WinError 10053] Программа на вашем хост-компьютере разорвала установленное подключение
----------------------------------------
::1 - - [09/Aug/2026 18:57:35] "GET /assets/case-elina-web.mp4 HTTP/1.1" 200 -
----------------------------------------
Exception occurred during processing of request from ('::1', 55010, 0, 0)
Traceback (most recent call last):
  File "C:\Users\Flower\AppData\Local\Programs\Python\Python312\Lib\socketserver.py", line 692, in process_request_thread
    self.finish_request(request, client_address)
  File "C:\Users\Flower\AppData\Local\Programs\Python\Python312\Lib\http\server.py", line 1311, in finish_request
    self.RequestHandlerClass(request, client_address, self,
  File "C:\Users\Flower\AppData\Local\Programs\Python\Python312\Lib\http\server.py", line 672, in __init__
    super().__init__(*args, **kwargs)
  File "C:\Users\Flower\AppData\Local\Programs\Python\Python312\Lib\socketserver.py", line 761, in __init__
    self.handle()
  File "C:\Users\Flower\AppData\Local\Programs\Python\Python312\Lib\http\server.py", line 436, in handle
    self.handle_one_request()
  File "C:\Users\Flower\AppData\Local\Programs\Python\Python312\Lib\http\server.py", line 424, in handle_one_request
    method()
  File "C:\Users\Flower\AppData\Local\Programs\Python\Python312\Lib\http\server.py", line 679, in do_GET
    self.copyfile(f, self.wfile)
  File "C:\Users\Flower\AppData\Local\Programs\Python\Python312\Lib\http\server.py", line 878, in copyfile
    shutil.copyfileobj(source, outputfile)
  File "C:\Users\Flower\AppData\Local\Programs\Python\Python312\Lib\shutil.py", line 204, in copyfileobj
    fdst_write(buf)
  File "C:\Users\Flower\AppData\Local\Programs\Python\Python312\Lib\socketserver.py", line 840, in write
    self._sock.sendall(b)
ConnectionAbortedError: [WinError 10053] Программа на вашем хост-компьютере разорвала установленное подключение
----------------------------------------
::1 - - [09/Aug/2026 18:59:32] "GET /assets/case-elina-web.mp4 HTTP/1.1" 200 -
----------------------------------------
Exception occurred during processing of request from ('::1', 61993, 0, 0)
Traceback (most recent call last):
  File "C:\Users\Flower\AppData\Local\Programs\Python\Python312\Lib\socketserver.py", line 692, in process_request_thread
    self.finish_request(request, client_address)
  File "C:\Users\Flower\AppData\Local\Programs\Python\Python312\Lib\http\server.py", line 1311, in finish_request
    self.RequestHandlerClass(request, client_address, self,
  File "C:\Users\Flower\AppData\Local\Programs\Python\Python312\Lib\http\server.py", line 672, in __init__
    super().__init__(*args, **kwargs)
  File "C:\Users\Flower\AppData\Local\Programs\Python\Python312\Lib\socketserver.py", line 761, in __init__
    self.handle()
  File "C:\Users\Flower\AppData\Local\Programs\Python\Python312\Lib\http\server.py", line 436, in handle
    self.handle_one_request()
  File "C:\Users\Flower\AppData\Local\Programs\Python\Python312\Lib\http\server.py", line 424, in handle_one_request
    method()
  File "C:\Users\Flower\AppData\Local\Programs\Python\Python312\Lib\http\server.py", line 679, in do_GET
    self.copyfile(f, self.wfile)
  File "C:\Users\Flower\AppData\Local\Programs\Python\Python312\Lib\http\server.py", line 878, in copyfile
    shutil.copyfileobj(source, outputfile)
  File "C:\Users\Flower\AppData\Local\Programs\Python\Python312\Lib\shutil.py", line 204, in copyfileobj
    fdst_write(buf)
  File "C:\Users\Flower\AppData\Local\Programs\Python\Python312\Lib\socketserver.py", line 840, in write
    self._sock.sendall(b)
ConnectionResetError: [WinError 10054] Удаленный хост принудительно разорвал существующее подключение
----------------------------------------
::1 - - [09/Aug/2026 18:59:32] "GET /assets/case-elina-web.mp4 HTTP/1.1" 200 -
----------------------------------------
Exception occurred during processing of request from ('::1', 51421, 0, 0)
Traceback (most recent call last):
  File "C:\Users\Flower\AppData\Local\Programs\Python\Python312\Lib\socketserver.py", line 692, in process_request_thread
    self.finish_request(request, client_address)
  File "C:\Users\Flower\AppData\Local\Programs\Python\Python312\Lib\http\server.py", line 1311, in finish_request
    self.RequestHandlerClass(request, client_address, self,
  File "C:\Users\Flower\AppData\Local\Programs\Python\Python312\Lib\http\server.py", line 672, in __init__
    super().__init__(*args, **kwargs)
  File "C:\Users\Flower\AppData\Local\Programs\Python\Python312\Lib\socketserver.py", line 761, in __init__
    self.handle()
::1 - - [09/Aug/2026 18:59:32] "GET /assets/case-elina-web.mp4 HTTP/1.1" 200 -
  File "C:\Users\Flower\AppData\Local\Programs\Python\Python312\Lib\http\server.py", line 436, in handle
    self.handle_one_request()
  File "C:\Users\Flower\AppData\Local\Programs\Python\Python312\Lib\http\server.py", line 424, in handle_one_request
    method()
  File "C:\Users\Flower\AppData\Local\Programs\Python\Python312\Lib\http\server.py", line 679, in do_GET
    self.copyfile(f, self.wfile)
  File "C:\Users\Flower\AppData\Local\Programs\Python\Python312\Lib\http\server.py", line 878, in copyfile
    shutil.copyfileobj(source, outputfile)
  File "C:\Users\Flower\AppData\Local\Programs\Python\Python312\Lib\shutil.py", line 204, in copyfileobj
    fdst_write(buf)
  File "C:\Users\Flower\AppData\Local\Programs\Python\Python312\Lib\socketserver.py", line 840, in write
    self._sock.sendall(b)
ConnectionAbortedError: [WinError 10053] Программа на вашем хост-компьютере разорвала установленное подключение
----------------------------------------
----------------------------------------
Exception occurred during processing of request from ('::1', 53114, 0, 0)
Traceback (most recent call last):
  File "C:\Users\Flower\AppData\Local\Programs\Python\Python312\Lib\socketserver.py", line 692, in process_request_thread
    self.finish_request(request, client_address)
  File "C:\Users\Flower\AppData\Local\Programs\Python\Python312\Lib\http\server.py", line 1311, in finish_request
    self.RequestHandlerClass(request, client_address, self,
  File "C:\Users\Flower\AppData\Local\Programs\Python\Python312\Lib\http\server.py", line 672, in __init__
    super().__init__(*args, **kwargs)
  File "C:\Users\Flower\AppData\Local\Programs\Python\Python312\Lib\socketserver.py", line 761, in __init__
    self.handle()
  File "C:\Users\Flower\AppData\Local\Programs\Python\Python312\Lib\http\server.py", line 436, in handle
    self.handle_one_request()
  File "C:\Users\Flower\AppData\Local\Programs\Python\Python312\Lib\http\server.py", line 424, in handle_one_request
    method()
  File "C:\Users\Flower\AppData\Local\Programs\Python\Python312\Lib\http\server.py", line 679, in do_GET
    self.copyfile(f, self.wfile)
::1 - - [09/Aug/2026 18:59:32] "GET /assets/case-elina-web.mp4 HTTP/1.1" 200 -
  File "C:\Users\Flower\AppData\Local\Programs\Python\Python312\Lib\http\server.py", line 878, in copyfile
    shutil.copyfileobj(source, outputfile)
  File "C:\Users\Flower\AppData\Local\Programs\Python\Python312\Lib\shutil.py", line 204, in copyfileobj
    fdst_write(buf)
  File "C:\Users\Flower\AppData\Local\Programs\Python\Python312\Lib\socketserver.py", line 840, in write
    self._sock.sendall(b)
ConnectionAbortedError: [WinError 10053] Программа на вашем хост-компьютере разорвала установленное подключение
----------------------------------------
----------------------------------------
Exception occurred during processing of request from ('::1', 54322, 0, 0)
Traceback (most recent call last):
  File "C:\Users\Flower\AppData\Local\Programs\Python\Python312\Lib\socketserver.py", line 692, in process_request_thread
    self.finish_request(request, client_address)
  File "C:\Users\Flower\AppData\Local\Programs\Python\Python312\Lib\http\server.py", line 1311, in finish_request
    self.RequestHandlerClass(request, client_address, self,
  File "C:\Users\Flower\AppData\Local\Programs\Python\Python312\Lib\http\server.py", line 672, in __init__
    super().__init__(*args, **kwargs)
::1 - - [09/Aug/2026 18:59:32] "GET /assets/case-elina-web.mp4 HTTP/1.1" 200 -
  File "C:\Users\Flower\AppData\Local\Programs\Python\Python312\Lib\socketserver.py", line 761, in __init__
    self.handle()
  File "C:\Users\Flower\AppData\Local\Programs\Python\Python312\Lib\http\server.py", line 436, in handle
    self.handle_one_request()
  File "C:\Users\Flower\AppData\Local\Programs\Python\Python312\Lib\http\server.py", line 424, in handle_one_request
    method()
  File "C:\Users\Flower\AppData\Local\Programs\Python\Python312\Lib\http\server.py", line 679, in do_GET
    self.copyfile(f, self.wfile)
  File "C:\Users\Flower\AppData\Local\Programs\Python\Python312\Lib\http\server.py", line 878, in copyfile
    shutil.copyfileobj(source, outputfile)
  File "C:\Users\Flower\AppData\Local\Programs\Python\Python312\Lib\shutil.py", line 204, in copyfileobj
    fdst_write(buf)
  File "C:\Users\Flower\AppData\Local\Programs\Python\Python312\Lib\socketserver.py", line 840, in write
    self._sock.sendall(b)
ConnectionAbortedError: [WinError 10053] Программа на вашем хост-компьютере разорвала установленное подключение
----------------------------------------
----------------------------------------
Exception occurred during processing of request from ('::1', 57443, 0, 0)
Traceback (most recent call last):
  File "C:\Users\Flower\AppData\Local\Programs\Python\Python312\Lib\socketserver.py", line 692, in process_request_thread
    self.finish_request(request, client_address)
  File "C:\Users\Flower\AppData\Local\Programs\Python\Python312\Lib\http\server.py", line 1311, in finish_request
    self.RequestHandlerClass(request, client_address, self,
  File "C:\Users\Flower\AppData\Local\Programs\Python\Python312\Lib\http\server.py", line 672, in __init__
    super().__init__(*args, **kwargs)
::1 - - [09/Aug/2026 18:59:32] "GET /assets/case-elina-web.mp4 HTTP/1.1" 200 -
  File "C:\Users\Flower\AppData\Local\Programs\Python\Python312\Lib\socketserver.py", line 761, in __init__
    self.handle()
  File "C:\Users\Flower\AppData\Local\Programs\Python\Python312\Lib\http\server.py", line 436, in handle
    self.handle_one_request()
  File "C:\Users\Flower\AppData\Local\Programs\Python\Python312\Lib\http\server.py", line 424, in handle_one_request
    method()
  File "C:\Users\Flower\AppData\Local\Programs\Python\Python312\Lib\http\server.py", line 679, in do_GET
    self.copyfile(f, self.wfile)
  File "C:\Users\Flower\AppData\Local\Programs\Python\Python312\Lib\http\server.py", line 878, in copyfile
    shutil.copyfileobj(source, outputfile)
  File "C:\Users\Flower\AppData\Local\Programs\Python\Python312\Lib\shutil.py", line 204, in copyfileobj
    fdst_write(buf)
  File "C:\Users\Flower\AppData\Local\Programs\Python\Python312\Lib\socketserver.py", line 840, in write
    self._sock.sendall(b)
ConnectionAbortedError: [WinError 10053] Программа на вашем хост-компьютере разорвала установленное подключение
----------------------------------------
----------------------------------------
Exception occurred during processing of request from ('::1', 65153, 0, 0)
Traceback (most recent call last):
  File "C:\Users\Flower\AppData\Local\Programs\Python\Python312\Lib\socketserver.py", line 692, in process_request_thread
    self.finish_request(request, client_address)
  File "C:\Users\Flower\AppData\Local\Programs\Python\Python312\Lib\http\server.py", line 1311, in finish_request
    self.RequestHandlerClass(request, client_address, self,
  File "C:\Users\Flower\AppData\Local\Programs\Python\Python312\Lib\http\server.py", line 672, in __init__
    super().__init__(*args, **kwargs)
::1 - - [09/Aug/2026 18:59:32] "GET /assets/case-elina-web.mp4 HTTP/1.1" 200 -
  File "C:\Users\Flower\AppData\Local\Programs\Python\Python312\Lib\socketserver.py", line 761, in __init__
    self.handle()
  File "C:\Users\Flower\AppData\Local\Programs\Python\Python312\Lib\http\server.py", line 436, in handle
    self.handle_one_request()
  File "C:\Users\Flower\AppData\Local\Programs\Python\Python312\Lib\http\server.py", line 424, in handle_one_request
    method()
  File "C:\Users\Flower\AppData\Local\Programs\Python\Python312\Lib\http\server.py", line 679, in do_GET
    self.copyfile(f, self.wfile)
  File "C:\Users\Flower\AppData\Local\Programs\Python\Python312\Lib\http\server.py", line 878, in copyfile
    shutil.copyfileobj(source, outputfile)
  File "C:\Users\Flower\AppData\Local\Programs\Python\Python312\Lib\shutil.py", line 204, in copyfileobj
    fdst_write(buf)
  File "C:\Users\Flower\AppData\Local\Programs\Python\Python312\Lib\socketserver.py", line 840, in write
    self._sock.sendall(b)
ConnectionAbortedError: [WinError 10053] Программа на вашем хост-компьютере разорвала установленное подключение
----------------------------------------
----------------------------------------
Exception occurred during processing of request from ('::1', 57680, 0, 0)
Traceback (most recent call last):
  File "C:\Users\Flower\AppData\Local\Programs\Python\Python312\Lib\socketserver.py", line 692, in process_request_thread
    self.finish_request(request, client_address)
  File "C:\Users\Flower\AppData\Local\Programs\Python\Python312\Lib\http\server.py", line 1311, in finish_request
    self.RequestHandlerClass(request, client_address, self,
  File "C:\Users\Flower\AppData\Local\Programs\Python\Python312\Lib\http\server.py", line 672, in __init__
    super().__init__(*args, **kwargs)
  File "C:\Users\Flower\AppData\Local\Programs\Python\Python312\Lib\socketserver.py", line 761, in __init__
    self.handle()
  File "C:\Users\Flower\AppData\Local\Programs\Python\Python312\Lib\http\server.py", line 436, in handle
    self.handle_one_request()
  File "C:\Users\Flower\AppData\Local\Programs\Python\Python312\Lib\http\server.py", line 424, in handle_one_request
    method()
  File "C:\Users\Flower\AppData\Local\Programs\Python\Python312\Lib\http\server.py", line 679, in do_GET
    self.copyfile(f, self.wfile)
  File "C:\Users\Flower\AppData\Local\Programs\Python\Python312\Lib\http\server.py", line 878, in copyfile
    shutil.copyfileobj(source, outputfile)
  File "C:\Users\Flower\AppData\Local\Programs\Python\Python312\Lib\shutil.py", line 204, in copyfileobj
    fdst_write(buf)
  File "C:\Users\Flower\AppData\Local\Programs\Python\Python312\Lib\socketserver.py", line 840, in write
    self._sock.sendall(b)
::1 - - [09/Aug/2026 18:59:32] "GET /assets/case-elina-web.mp4 HTTP/1.1" 200 -
ConnectionAbortedError: [WinError 10053] Программа на вашем хост-компьютере разорвала установленное подключение
----------------------------------------
----------------------------------------
Exception occurred during processing of request from ('::1', 55433, 0, 0)
Traceback (most recent call last):
  File "C:\Users\Flower\AppData\Local\Programs\Python\Python312\Lib\socketserver.py", line 692, in process_request_thread
    self.finish_request(request, client_address)
  File "C:\Users\Flower\AppData\Local\Programs\Python\Python312\Lib\http\server.py", line 1311, in finish_request
    self.RequestHandlerClass(request, client_address, self,
  File "C:\Users\Flower\AppData\Local\Programs\Python\Python312\Lib\http\server.py", line 672, in __init__
    super().__init__(*args, **kwargs)
  File "C:\Users\Flower\AppData\Local\Programs\Python\Python312\Lib\socketserver.py", line 761, in __init__
    self.handle()
  File "C:\Users\Flower\AppData\Local\Programs\Python\Python312\Lib\http\server.py", line 436, in handle
    self.handle_one_request()
::1 - - [09/Aug/2026 18:59:32] "GET /assets/case-elina-web.mp4 HTTP/1.1" 200 -
  File "C:\Users\Flower\AppData\Local\Programs\Python\Python312\Lib\http\server.py", line 424, in handle_one_request
    method()
  File "C:\Users\Flower\AppData\Local\Programs\Python\Python312\Lib\http\server.py", line 679, in do_GET
    self.copyfile(f, self.wfile)
  File "C:\Users\Flower\AppData\Local\Programs\Python\Python312\Lib\http\server.py", line 878, in copyfile
    shutil.copyfileobj(source, outputfile)
  File "C:\Users\Flower\AppData\Local\Programs\Python\Python312\Lib\shutil.py", line 204, in copyfileobj
    fdst_write(buf)
  File "C:\Users\Flower\AppData\Local\Programs\Python\Python312\Lib\socketserver.py", line 840, in write
    self._sock.sendall(b)
ConnectionAbortedError: [WinError 10053] Программа на вашем хост-компьютере разорвала установленное подключение
----------------------------------------
----------------------------------------
Exception occurred during processing of request from ('::1', 64904, 0, 0)
Traceback (most recent call last):
  File "C:\Users\Flower\AppData\Local\Programs\Python\Python312\Lib\socketserver.py", line 692, in process_request_thread
    self.finish_request(request, client_address)
  File "C:\Users\Flower\AppData\Local\Programs\Python\Python312\Lib\http\server.py", line 1311, in finish_request
    self.RequestHandlerClass(request, client_address, self,
  File "C:\Users\Flower\AppData\Local\Programs\Python\Python312\Lib\http\server.py", line 672, in __init__
    super().__init__(*args, **kwargs)
  File "C:\Users\Flower\AppData\Local\Programs\Python\Python312\Lib\socketserver.py", line 761, in __init__
    self.handle()
  File "C:\Users\Flower\AppData\Local\Programs\Python\Python312\Lib\http\server.py", line 436, in handle
    self.handle_one_request()
  File "C:\Users\Flower\AppData\Local\Programs\Python\Python312\Lib\http\server.py", line 424, in handle_one_request
    method()
  File "C:\Users\Flower\AppData\Local\Programs\Python\Python312\Lib\http\server.py", line 679, in do_GET
    self.copyfile(f, self.wfile)
  File "C:\Users\Flower\AppData\Local\Programs\Python\Python312\Lib\http\server.py", line 878, in copyfile
    shutil.copyfileobj(source, outputfile)
  File "C:\Users\Flower\AppData\Local\Programs\Python\Python312\Lib\shutil.py", line 204, in copyfileobj
    fdst_write(buf)
  File "C:\Users\Flower\AppData\Local\Programs\Python\Python312\Lib\socketserver.py", line 840, in write
    self._sock.sendall(b)
::1 - - [09/Aug/2026 18:59:32] "GET /assets/case-elina-web.mp4 HTTP/1.1" 200 -
ConnectionAbortedError: [WinError 10053] Программа на вашем хост-компьютере разорвала установленное подключение
----------------------------------------
----------------------------------------
Exception occurred during processing of request from ('::1', 55597, 0, 0)
Traceback (most recent call last):
  File "C:\Users\Flower\AppData\Local\Programs\Python\Python312\Lib\socketserver.py", line 692, in process_request_thread
    self.finish_request(request, client_address)
  File "C:\Users\Flower\AppData\Local\Programs\Python\Python312\Lib\http\server.py", line 1311, in finish_request
    self.RequestHandlerClass(request, client_address, self,
  File "C:\Users\Flower\AppData\Local\Programs\Python\Python312\Lib\http\server.py", line 672, in __init__
    super().__init__(*args, **kwargs)
  File "C:\Users\Flower\AppData\Local\Programs\Python\Python312\Lib\socketserver.py", line 761, in __init__
    self.handle()
  File "C:\Users\Flower\AppData\Local\Programs\Python\Python312\Lib\http\server.py", line 436, in handle
    self.handle_one_request()
::1 - - [09/Aug/2026 18:59:32] "GET /assets/case-elina-web.mp4 HTTP/1.1" 200 -
  File "C:\Users\Flower\AppData\Local\Programs\Python\Python312\Lib\http\server.py", line 424, in handle_one_request
    method()
  File "C:\Users\Flower\AppData\Local\Programs\Python\Python312\Lib\http\server.py", line 679, in do_GET
    self.copyfile(f, self.wfile)
  File "C:\Users\Flower\AppData\Local\Programs\Python\Python312\Lib\http\server.py", line 878, in copyfile
    shutil.copyfileobj(source, outputfile)
  File "C:\Users\Flower\AppData\Local\Programs\Python\Python312\Lib\shutil.py", line 204, in copyfileobj
    fdst_write(buf)
  File "C:\Users\Flower\AppData\Local\Programs\Python\Python312\Lib\socketserver.py", line 840, in write
    self._sock.sendall(b)
ConnectionAbortedError: [WinError 10053] Программа на вашем хост-компьютере разорвала установленное подключение
----------------------------------------
----------------------------------------
Exception occurred during processing of request from ('::1', 61617, 0, 0)
Traceback (most recent call last):
  File "C:\Users\Flower\AppData\Local\Programs\Python\Python312\Lib\socketserver.py", line 692, in process_request_thread
    self.finish_request(request, client_address)
  File "C:\Users\Flower\AppData\Local\Programs\Python\Python312\Lib\http\server.py", line 1311, in finish_request
    self.RequestHandlerClass(request, client_address, self,
  File "C:\Users\Flower\AppData\Local\Programs\Python\Python312\Lib\http\server.py", line 672, in __init__
    super().__init__(*args, **kwargs)
  File "C:\Users\Flower\AppData\Local\Programs\Python\Python312\Lib\socketserver.py", line 761, in __init__
    self.handle()
  File "C:\Users\Flower\AppData\Local\Programs\Python\Python312\Lib\http\server.py", line 436, in handle
    self.handle_one_request()
::1 - - [09/Aug/2026 18:59:32] "GET /assets/case-elina-web.mp4 HTTP/1.1" 200 -
  File "C:\Users\Flower\AppData\Local\Programs\Python\Python312\Lib\http\server.py", line 424, in handle_one_request
    method()
  File "C:\Users\Flower\AppData\Local\Programs\Python\Python312\Lib\http\server.py", line 679, in do_GET
    self.copyfile(f, self.wfile)
  File "C:\Users\Flower\AppData\Local\Programs\Python\Python312\Lib\http\server.py", line 878, in copyfile
    shutil.copyfileobj(source, outputfile)
  File "C:\Users\Flower\AppData\Local\Programs\Python\Python312\Lib\shutil.py", line 204, in copyfileobj
    fdst_write(buf)
  File "C:\Users\Flower\AppData\Local\Programs\Python\Python312\Lib\socketserver.py", line 840, in write
    self._sock.sendall(b)
ConnectionAbortedError: [WinError 10053] Программа на вашем хост-компьютере разорвала установленное подключение
----------------------------------------
----------------------------------------
Exception occurred during processing of request from ('::1', 61671, 0, 0)
Traceback (most recent call last):
  File "C:\Users\Flower\AppData\Local\Programs\Python\Python312\Lib\socketserver.py", line 692, in process_request_thread
    self.finish_request(request, client_address)
  File "C:\Users\Flower\AppData\Local\Programs\Python\Python312\Lib\http\server.py", line 1311, in finish_request
    self.RequestHandlerClass(request, client_address, self,
  File "C:\Users\Flower\AppData\Local\Programs\Python\Python312\Lib\http\server.py", line 672, in __init__
    super().__init__(*args, **kwargs)
  File "C:\Users\Flower\AppData\Local\Programs\Python\Python312\Lib\socketserver.py", line 761, in __init__
    self.handle()
  File "C:\Users\Flower\AppData\Local\Programs\Python\Python312\Lib\http\server.py", line 436, in handle
    self.handle_one_request()
  File "C:\Users\Flower\AppData\Local\Programs\Python\Python312\Lib\http\server.py", line 424, in handle_one_request
    method()
  File "C:\Users\Flower\AppData\Local\Programs\Python\Python312\Lib\http\server.py", line 679, in do_GET
    self.copyfile(f, self.wfile)
  File "C:\Users\Flower\AppData\Local\Programs\Python\Python312\Lib\http\server.py", line 878, in copyfile
    shutil.copyfileobj(source, outputfile)
  File "C:\Users\Flower\AppData\Local\Programs\Python\Python312\Lib\shutil.py", line 204, in copyfileobj
    fdst_write(buf)
::1 - - [09/Aug/2026 18:59:32] "GET /assets/case-elina-web.mp4 HTTP/1.1" 200 -
  File "C:\Users\Flower\AppData\Local\Programs\Python\Python312\Lib\socketserver.py", line 840, in write
    self._sock.sendall(b)
ConnectionAbortedError: [WinError 10053] Программа на вашем хост-компьютере разорвала установленное подключение
----------------------------------------
----------------------------------------
Exception occurred during processing of request from ('::1', 59887, 0, 0)
Traceback (most recent call last):
  File "C:\Users\Flower\AppData\Local\Programs\Python\Python312\Lib\socketserver.py", line 692, in process_request_thread
    self.finish_request(request, client_address)
  File "C:\Users\Flower\AppData\Local\Programs\Python\Python312\Lib\http\server.py", line 1311, in finish_request
    self.RequestHandlerClass(request, client_address, self,
  File "C:\Users\Flower\AppData\Local\Programs\Python\Python312\Lib\http\server.py", line 672, in __init__
    super().__init__(*args, **kwargs)
  File "C:\Users\Flower\AppData\Local\Programs\Python\Python312\Lib\socketserver.py", line 761, in __init__
    self.handle()
::1 - - [09/Aug/2026 18:59:32] "GET /assets/case-elina-web.mp4 HTTP/1.1" 200 -
  File "C:\Users\Flower\AppData\Local\Programs\Python\Python312\Lib\http\server.py", line 436, in handle
    self.handle_one_request()
  File "C:\Users\Flower\AppData\Local\Programs\Python\Python312\Lib\http\server.py", line 424, in handle_one_request
    method()
  File "C:\Users\Flower\AppData\Local\Programs\Python\Python312\Lib\http\server.py", line 679, in do_GET
    self.copyfile(f, self.wfile)
  File "C:\Users\Flower\AppData\Local\Programs\Python\Python312\Lib\http\server.py", line 878, in copyfile
    shutil.copyfileobj(source, outputfile)
  File "C:\Users\Flower\AppData\Local\Programs\Python\Python312\Lib\shutil.py", line 204, in copyfileobj
    fdst_write(buf)
  File "C:\Users\Flower\AppData\Local\Programs\Python\Python312\Lib\socketserver.py", line 840, in write
    self._sock.sendall(b)
ConnectionAbortedError: [WinError 10053] Программа на вашем хост-компьютере разорвала установленное подключение
----------------------------------------
----------------------------------------
Exception occurred during processing of request from ('::1', 61334, 0, 0)
Traceback (most recent call last):
  File "C:\Users\Flower\AppData\Local\Programs\Python\Python312\Lib\socketserver.py", line 692, in process_request_thread
    self.finish_request(request, client_address)
  File "C:\Users\Flower\AppData\Local\Programs\Python\Python312\Lib\http\server.py", line 1311, in finish_request
    self.RequestHandlerClass(request, client_address, self,
  File "C:\Users\Flower\AppData\Local\Programs\Python\Python312\Lib\http\server.py", line 672, in __init__
    super().__init__(*args, **kwargs)
  File "C:\Users\Flower\AppData\Local\Programs\Python\Python312\Lib\socketserver.py", line 761, in __init__
    self.handle()
  File "C:\Users\Flower\AppData\Local\Programs\Python\Python312\Lib\http\server.py", line 436, in handle
    self.handle_one_request()
  File "C:\Users\Flower\AppData\Local\Programs\Python\Python312\Lib\http\server.py", line 424, in handle_one_request
    method()
::1 - - [09/Aug/2026 18:59:32] "GET /assets/case-elina-web.mp4 HTTP/1.1" 200 -
  File "C:\Users\Flower\AppData\Local\Programs\Python\Python312\Lib\http\server.py", line 679, in do_GET
    self.copyfile(f, self.wfile)
  File "C:\Users\Flower\AppData\Local\Programs\Python\Python312\Lib\http\server.py", line 878, in copyfile
    shutil.copyfileobj(source, outputfile)
  File "C:\Users\Flower\AppData\Local\Programs\Python\Python312\Lib\shutil.py", line 204, in copyfileobj
    fdst_write(buf)
  File "C:\Users\Flower\AppData\Local\Programs\Python\Python312\Lib\socketserver.py", line 840, in write
    self._sock.sendall(b)
ConnectionAbortedError: [WinError 10053] Программа на вашем хост-компьютере разорвала установленное подключение
----------------------------------------
----------------------------------------
Exception occurred during processing of request from ('::1', 63306, 0, 0)
Traceback (most recent call last):
  File "C:\Users\Flower\AppData\Local\Programs\Python\Python312\Lib\socketserver.py", line 692, in process_request_thread
    self.finish_request(request, client_address)
  File "C:\Users\Flower\AppData\Local\Programs\Python\Python312\Lib\http\server.py", line 1311, in finish_request
    self.RequestHandlerClass(request, client_address, self,
  File "C:\Users\Flower\AppData\Local\Programs\Python\Python312\Lib\http\server.py", line 672, in __init__
    super().__init__(*args, **kwargs)
  File "C:\Users\Flower\AppData\Local\Programs\Python\Python312\Lib\socketserver.py", line 761, in __init__
    self.handle()
  File "C:\Users\Flower\AppData\Local\Programs\Python\Python312\Lib\http\server.py", line 436, in handle
    self.handle_one_request()
  File "C:\Users\Flower\AppData\Local\Programs\Python\Python312\Lib\http\server.py", line 424, in handle_one_request
    method()
::1 - - [09/Aug/2026 18:59:32] "GET /assets/case-elina-web.mp4 HTTP/1.1" 200 -
  File "C:\Users\Flower\AppData\Local\Programs\Python\Python312\Lib\http\server.py", line 679, in do_GET
    self.copyfile(f, self.wfile)
  File "C:\Users\Flower\AppData\Local\Programs\Python\Python312\Lib\http\server.py", line 878, in copyfile
    shutil.copyfileobj(source, outputfile)
  File "C:\Users\Flower\AppData\Local\Programs\Python\Python312\Lib\shutil.py", line 204, in copyfileobj
    fdst_write(buf)
  File "C:\Users\Flower\AppData\Local\Programs\Python\Python312\Lib\socketserver.py", line 840, in write
    self._sock.sendall(b)
ConnectionResetError: [WinError 10054] Удаленный хост принудительно разорвал существующее подключение
----------------------------------------
----------------------------------------
Exception occurred during processing of request from ('::1', 60409, 0, 0)
Traceback (most recent call last):
  File "C:\Users\Flower\AppData\Local\Programs\Python\Python312\Lib\socketserver.py", line 692, in process_request_thread
    self.finish_request(request, client_address)
  File "C:\Users\Flower\AppData\Local\Programs\Python\Python312\Lib\http\server.py", line 1311, in finish_request
    self.RequestHandlerClass(request, client_address, self,
  File "C:\Users\Flower\AppData\Local\Programs\Python\Python312\Lib\http\server.py", line 672, in __init__
    super().__init__(*args, **kwargs)
  File "C:\Users\Flower\AppData\Local\Programs\Python\Python312\Lib\socketserver.py", line 761, in __init__
    self.handle()
  File "C:\Users\Flower\AppData\Local\Programs\Python\Python312\Lib\http\server.py", line 436, in handle
    self.handle_one_request()
  File "C:\Users\Flower\AppData\Local\Programs\Python\Python312\Lib\http\server.py", line 424, in handle_one_request
    method()
  File "C:\Users\Flower\AppData\Local\Programs\Python\Python312\Lib\http\server.py", line 679, in do_GET
    self.copyfile(f, self.wfile)
  File "C:\Users\Flower\AppData\Local\Programs\Python\Python312\Lib\http\server.py", line 878, in copyfile
    shutil.copyfileobj(source, outputfile)
  File "C:\Users\Flower\AppData\Local\Programs\Python\Python312\Lib\shutil.py", line 204, in copyfileobj
    fdst_write(buf)
  File "C:\Users\Flower\AppData\Local\Programs\Python\Python312\Lib\socketserver.py", line 840, in write
    self._sock.sendall(b)
ConnectionAbortedError: [WinError 10053] Программа на вашем хост-компьютере разорвала установленное подключение
----------------------------------------
::1 - - [09/Aug/2026 19:07:39] "GET / HTTP/1.1" 200 -
::1 - - [09/Aug/2026 19:07:39] "HEAD /assets/case-elina-poster.png HTTP/1.1" 200 -
::1 - - [09/Aug/2026 19:07:39] "HEAD /assets/case-drilling-cover-desktop.png HTTP/1.1" 200 -
::1 - - [09/Aug/2026 19:07:39] "HEAD /assets/case-drilling-cover-mobile.png HTTP/1.1" 200 -
::1 - - [09/Aug/2026 19:07:46] "GET /assets/case-elina-web.mp4 HTTP/1.1" 200 -
----------------------------------------
Exception occurred during processing of request from ('::1', 63444, 0, 0)
Traceback (most recent call last):
  File "C:\Users\Flower\AppData\Local\Programs\Python\Python312\Lib\socketserver.py", line 692, in process_request_thread
    self.finish_request(request, client_address)
  File "C:\Users\Flower\AppData\Local\Programs\Python\Python312\Lib\http\server.py", line 1311, in finish_request
    self.RequestHandlerClass(request, client_address, self,
  File "C:\Users\Flower\AppData\Local\Programs\Python\Python312\Lib\http\server.py", line 672, in __init__
    super().__init__(*args, **kwargs)
  File "C:\Users\Flower\AppData\Local\Programs\Python\Python312\Lib\socketserver.py", line 761, in __init__
    self.handle()
  File "C:\Users\Flower\AppData\Local\Programs\Python\Python312\Lib\http\server.py", line 436, in handle
    self.handle_one_request()
  File "C:\Users\Flower\AppData\Local\Programs\Python\Python312\Lib\http\server.py", line 424, in handle_one_request
    method()
  File "C:\Users\Flower\AppData\Local\Programs\Python\Python312\Lib\http\server.py", line 679, in do_GET
    self.copyfile(f, self.wfile)
  File "C:\Users\Flower\AppData\Local\Programs\Python\Python312\Lib\http\server.py", line 878, in copyfile
    shutil.copyfileobj(source, outputfile)
  File "C:\Users\Flower\AppData\Local\Programs\Python\Python312\Lib\shutil.py", line 204, in copyfileobj
    fdst_write(buf)
  File "C:\Users\Flower\AppData\Local\Programs\Python\Python312\Lib\socketserver.py", line 840, in write
    self._sock.sendall(b)
ConnectionAbortedError: [WinError 10053] Программа на вашем хост-компьютере разорвала установленное подключение
----------------------------------------
::1 - - [09/Aug/2026 19:07:46] "GET /assets/case-elina-web.mp4 HTTP/1.1" 200 -
----------------------------------------
Exception occurred during processing of request from ('::1', 61419, 0, 0)
Traceback (most recent call last):
  File "C:\Users\Flower\AppData\Local\Programs\Python\Python312\Lib\socketserver.py", line 692, in process_request_thread
    self.finish_request(request, client_address)
  File "C:\Users\Flower\AppData\Local\Programs\Python\Python312\Lib\http\server.py", line 1311, in finish_request
    self.RequestHandlerClass(request, client_address, self,
  File "C:\Users\Flower\AppData\Local\Programs\Python\Python312\Lib\http\server.py", line 672, in __init__
    super().__init__(*args, **kwargs)
  File "C:\Users\Flower\AppData\Local\Programs\Python\Python312\Lib\socketserver.py", line 761, in __init__
    self.handle()
  File "C:\Users\Flower\AppData\Local\Programs\Python\Python312\Lib\http\server.py", line 436, in handle
    self.handle_one_request()
  File "C:\Users\Flower\AppData\Local\Programs\Python\Python312\Lib\http\server.py", line 424, in handle_one_request
    method()
  File "C:\Users\Flower\AppData\Local\Programs\Python\Python312\Lib\http\server.py", line 679, in do_GET
    self.copyfile(f, self.wfile)
  File "C:\Users\Flower\AppData\Local\Programs\Python\Python312\Lib\http\server.py", line 878, in copyfile
    shutil.copyfileobj(source, outputfile)
  File "C:\Users\Flower\AppData\Local\Programs\Python\Python312\Lib\shutil.py", line 204, in copyfileobj
    fdst_write(buf)
  File "C:\Users\Flower\AppData\Local\Programs\Python\Python312\Lib\socketserver.py", line 840, in write
    self._sock.sendall(b)
ConnectionResetError: [WinError 10054] Удаленный хост принудительно разорвал существующее подключение
----------------------------------------
::1 - - [09/Aug/2026 19:07:46] "GET /assets/case-elina-web.mp4 HTTP/1.1" 200 -
----------------------------------------
Exception occurred during processing of request from ('::1', 63872, 0, 0)
Traceback (most recent call last):
  File "C:\Users\Flower\AppData\Local\Programs\Python\Python312\Lib\socketserver.py", line 692, in process_request_thread
    self.finish_request(request, client_address)
  File "C:\Users\Flower\AppData\Local\Programs\Python\Python312\Lib\http\server.py", line 1311, in finish_request
    self.RequestHandlerClass(request, client_address, self,
  File "C:\Users\Flower\AppData\Local\Programs\Python\Python312\Lib\http\server.py", line 672, in __init__
    super().__init__(*args, **kwargs)
  File "C:\Users\Flower\AppData\Local\Programs\Python\Python312\Lib\socketserver.py", line 761, in __init__
    self.handle()
  File "C:\Users\Flower\AppData\Local\Programs\Python\Python312\Lib\http\server.py", line 436, in handle
    self.handle_one_request()
  File "C:\Users\Flower\AppData\Local\Programs\Python\Python312\Lib\http\server.py", line 424, in handle_one_request
    method()
  File "C:\Users\Flower\AppData\Local\Programs\Python\Python312\Lib\http\server.py", line 679, in do_GET
    self.copyfile(f, self.wfile)
  File "C:\Users\Flower\AppData\Local\Programs\Python\Python312\Lib\http\server.py", line 878, in copyfile
    shutil.copyfileobj(source, outputfile)
  File "C:\Users\Flower\AppData\Local\Programs\Python\Python312\Lib\shutil.py", line 204, in copyfileobj
    fdst_write(buf)
  File "C:\Users\Flower\AppData\Local\Programs\Python\Python312\Lib\socketserver.py", line 840, in write
    self._sock.sendall(b)
ConnectionAbortedError: [WinError 10053] Программа на вашем хост-компьютере разорвала установленное подключение
----------------------------------------
::1 - - [09/Aug/2026 19:07:46] "GET /assets/case-elina-web.mp4 HTTP/1.1" 200 -
----------------------------------------
Exception occurred during processing of request from ('::1', 55084, 0, 0)
Traceback (most recent call last):
  File "C:\Users\Flower\AppData\Local\Programs\Python\Python312\Lib\socketserver.py", line 692, in process_request_thread
    self.finish_request(request, client_address)
  File "C:\Users\Flower\AppData\Local\Programs\Python\Python312\Lib\http\server.py", line 1311, in finish_request
    self.RequestHandlerClass(request, client_address, self,
  File "C:\Users\Flower\AppData\Local\Programs\Python\Python312\Lib\http\server.py", line 672, in __init__
    super().__init__(*args, **kwargs)
  File "C:\Users\Flower\AppData\Local\Programs\Python\Python312\Lib\socketserver.py", line 761, in __init__
    self.handle()
::1 - - [09/Aug/2026 19:07:46] "GET /assets/case-elina-web.mp4 HTTP/1.1" 200 -
  File "C:\Users\Flower\AppData\Local\Programs\Python\Python312\Lib\http\server.py", line 436, in handle
    self.handle_one_request()
  File "C:\Users\Flower\AppData\Local\Programs\Python\Python312\Lib\http\server.py", line 424, in handle_one_request
    method()
  File "C:\Users\Flower\AppData\Local\Programs\Python\Python312\Lib\http\server.py", line 679, in do_GET
    self.copyfile(f, self.wfile)
  File "C:\Users\Flower\AppData\Local\Programs\Python\Python312\Lib\http\server.py", line 878, in copyfile
    shutil.copyfileobj(source, outputfile)
  File "C:\Users\Flower\AppData\Local\Programs\Python\Python312\Lib\shutil.py", line 204, in copyfileobj
    fdst_write(buf)
  File "C:\Users\Flower\AppData\Local\Programs\Python\Python312\Lib\socketserver.py", line 840, in write
    self._sock.sendall(b)
ConnectionAbortedError: [WinError 10053] Программа на вашем хост-компьютере разорвала установленное подключение
----------------------------------------
----------------------------------------
Exception occurred during processing of request from ('::1', 54314, 0, 0)
Traceback (most recent call last):
  File "C:\Users\Flower\AppData\Local\Programs\Python\Python312\Lib\socketserver.py", line 692, in process_request_thread
    self.finish_request(request, client_address)
  File "C:\Users\Flower\AppData\Local\Programs\Python\Python312\Lib\http\server.py", line 1311, in finish_request
    self.RequestHandlerClass(request, client_address, self,
  File "C:\Users\Flower\AppData\Local\Programs\Python\Python312\Lib\http\server.py", line 672, in __init__
    super().__init__(*args, **kwargs)
  File "C:\Users\Flower\AppData\Local\Programs\Python\Python312\Lib\socketserver.py", line 761, in __init__
    self.handle()
::1 - - [09/Aug/2026 19:07:46] "GET /assets/case-elina-web.mp4 HTTP/1.1" 200 -
  File "C:\Users\Flower\AppData\Local\Programs\Python\Python312\Lib\http\server.py", line 436, in handle
    self.handle_one_request()
  File "C:\Users\Flower\AppData\Local\Programs\Python\Python312\Lib\http\server.py", line 424, in handle_one_request
    method()
  File "C:\Users\Flower\AppData\Local\Programs\Python\Python312\Lib\http\server.py", line 679, in do_GET
    self.copyfile(f, self.wfile)
  File "C:\Users\Flower\AppData\Local\Programs\Python\Python312\Lib\http\server.py", line 878, in copyfile
    shutil.copyfileobj(source, outputfile)
  File "C:\Users\Flower\AppData\Local\Programs\Python\Python312\Lib\shutil.py", line 204, in copyfileobj
    fdst_write(buf)
  File "C:\Users\Flower\AppData\Local\Programs\Python\Python312\Lib\socketserver.py", line 840, in write
    self._sock.sendall(b)
ConnectionAbortedError: [WinError 10053] Программа на вашем хост-компьютере разорвала установленное подключение
----------------------------------------
----------------------------------------
Exception occurred during processing of request from ('::1', 60044, 0, 0)
Traceback (most recent call last):
  File "C:\Users\Flower\AppData\Local\Programs\Python\Python312\Lib\socketserver.py", line 692, in process_request_thread
    self.finish_request(request, client_address)
  File "C:\Users\Flower\AppData\Local\Programs\Python\Python312\Lib\http\server.py", line 1311, in finish_request
    self.RequestHandlerClass(request, client_address, self,
  File "C:\Users\Flower\AppData\Local\Programs\Python\Python312\Lib\http\server.py", line 672, in __init__
    super().__init__(*args, **kwargs)
  File "C:\Users\Flower\AppData\Local\Programs\Python\Python312\Lib\socketserver.py", line 761, in __init__
    self.handle()
  File "C:\Users\Flower\AppData\Local\Programs\Python\Python312\Lib\http\server.py", line 436, in handle
    self.handle_one_request()
  File "C:\Users\Flower\AppData\Local\Programs\Python\Python312\Lib\http\server.py", line 424, in handle_one_request
    method()
  File "C:\Users\Flower\AppData\Local\Programs\Python\Python312\Lib\http\server.py", line 679, in do_GET
    self.copyfile(f, self.wfile)
  File "C:\Users\Flower\AppData\Local\Programs\Python\Python312\Lib\http\server.py", line 878, in copyfile
    shutil.copyfileobj(source, outputfile)
  File "C:\Users\Flower\AppData\Local\Programs\Python\Python312\Lib\shutil.py", line 204, in copyfileobj
    fdst_write(buf)
  File "C:\Users\Flower\AppData\Local\Programs\Python\Python312\Lib\socketserver.py", line 840, in write
    self._sock.sendall(b)
ConnectionResetError: [WinError 10054] Удаленный хост принудительно разорвал существующее подключение
----------------------------------------
::1 - - [09/Aug/2026 19:07:46] "GET /assets/case-elina-web.mp4 HTTP/1.1" 200 -
----------------------------------------
Exception occurred during processing of request from ('::1', 56659, 0, 0)
Traceback (most recent call last):
  File "C:\Users\Flower\AppData\Local\Programs\Python\Python312\Lib\socketserver.py", line 692, in process_request_thread
    self.finish_request(request, client_address)
  File "C:\Users\Flower\AppData\Local\Programs\Python\Python312\Lib\http\server.py", line 1311, in finish_request
    self.RequestHandlerClass(request, client_address, self,
  File "C:\Users\Flower\AppData\Local\Programs\Python\Python312\Lib\http\server.py", line 672, in __init__
    super().__init__(*args, **kwargs)
  File "C:\Users\Flower\AppData\Local\Programs\Python\Python312\Lib\socketserver.py", line 761, in __init__
    self.handle()
  File "C:\Users\Flower\AppData\Local\Programs\Python\Python312\Lib\http\server.py", line 436, in handle
    self.handle_one_request()
  File "C:\Users\Flower\AppData\Local\Programs\Python\Python312\Lib\http\server.py", line 424, in handle_one_request
    method()
  File "C:\Users\Flower\AppData\Local\Programs\Python\Python312\Lib\http\server.py", line 679, in do_GET
    self.copyfile(f, self.wfile)
  File "C:\Users\Flower\AppData\Local\Programs\Python\Python312\Lib\http\server.py", line 878, in copyfile
    shutil.copyfileobj(source, outputfile)
  File "C:\Users\Flower\AppData\Local\Programs\Python\Python312\Lib\shutil.py", line 204, in copyfileobj
    fdst_write(buf)
  File "C:\Users\Flower\AppData\Local\Programs\Python\Python312\Lib\socketserver.py", line 840, in write
    self._sock.sendall(b)
ConnectionAbortedError: [WinError 10053] Программа на вашем хост-компьютере разорвала установленное подключение
----------------------------------------
::1 - - [09/Aug/2026 19:07:46] "GET /assets/case-elina-web.mp4 HTTP/1.1" 200 -
----------------------------------------
Exception occurred during processing of request from ('::1', 54817, 0, 0)
Traceback (most recent call last):
  File "C:\Users\Flower\AppData\Local\Programs\Python\Python312\Lib\socketserver.py", line 692, in process_request_thread
    self.finish_request(request, client_address)
  File "C:\Users\Flower\AppData\Local\Programs\Python\Python312\Lib\http\server.py", line 1311, in finish_request
    self.RequestHandlerClass(request, client_address, self,
  File "C:\Users\Flower\AppData\Local\Programs\Python\Python312\Lib\http\server.py", line 672, in __init__
    super().__init__(*args, **kwargs)
  File "C:\Users\Flower\AppData\Local\Programs\Python\Python312\Lib\socketserver.py", line 761, in __init__
    self.handle()
  File "C:\Users\Flower\AppData\Local\Programs\Python\Python312\Lib\http\server.py", line 436, in handle
    self.handle_one_request()
::1 - - [09/Aug/2026 19:07:46] "GET /assets/case-elina-web.mp4 HTTP/1.1" 200 -
  File "C:\Users\Flower\AppData\Local\Programs\Python\Python312\Lib\http\server.py", line 424, in handle_one_request
    method()
  File "C:\Users\Flower\AppData\Local\Programs\Python\Python312\Lib\http\server.py", line 679, in do_GET
    self.copyfile(f, self.wfile)
  File "C:\Users\Flower\AppData\Local\Programs\Python\Python312\Lib\http\server.py", line 878, in copyfile
    shutil.copyfileobj(source, outputfile)
  File "C:\Users\Flower\AppData\Local\Programs\Python\Python312\Lib\shutil.py", line 204, in copyfileobj
    fdst_write(buf)
  File "C:\Users\Flower\AppData\Local\Programs\Python\Python312\Lib\socketserver.py", line 840, in write
    self._sock.sendall(b)
ConnectionAbortedError: [WinError 10053] Программа на вашем хост-компьютере разорвала установленное подключение
----------------------------------------
----------------------------------------
Exception occurred during processing of request from ('::1', 58399, 0, 0)
Traceback (most recent call last):
  File "C:\Users\Flower\AppData\Local\Programs\Python\Python312\Lib\socketserver.py", line 692, in process_request_thread
    self.finish_request(request, client_address)
  File "C:\Users\Flower\AppData\Local\Programs\Python\Python312\Lib\http\server.py", line 1311, in finish_request
    self.RequestHandlerClass(request, client_address, self,
  File "C:\Users\Flower\AppData\Local\Programs\Python\Python312\Lib\http\server.py", line 672, in __init__
    super().__init__(*args, **kwargs)
  File "C:\Users\Flower\AppData\Local\Programs\Python\Python312\Lib\socketserver.py", line 761, in __init__
    self.handle()
  File "C:\Users\Flower\AppData\Local\Programs\Python\Python312\Lib\http\server.py", line 436, in handle
    self.handle_one_request()
  File "C:\Users\Flower\AppData\Local\Programs\Python\Python312\Lib\http\server.py", line 424, in handle_one_request
    method()
  File "C:\Users\Flower\AppData\Local\Programs\Python\Python312\Lib\http\server.py", line 679, in do_GET
    self.copyfile(f, self.wfile)
  File "C:\Users\Flower\AppData\Local\Programs\Python\Python312\Lib\http\server.py", line 878, in copyfile
    shutil.copyfileobj(source, outputfile)
  File "C:\Users\Flower\AppData\Local\Programs\Python\Python312\Lib\shutil.py", line 204, in copyfileobj
    fdst_write(buf)
  File "C:\Users\Flower\AppData\Local\Programs\Python\Python312\Lib\socketserver.py", line 840, in write
    self._sock.sendall(b)
ConnectionAbortedError: [WinError 10053] Программа на вашем хост-компьютере разорвала установленное подключение
::1 - - [09/Aug/2026 19:07:46] "GET /assets/case-elina-web.mp4 HTTP/1.1" 200 -
----------------------------------------
----------------------------------------
Exception occurred during processing of request from ('::1', 61391, 0, 0)
Traceback (most recent call last):
  File "C:\Users\Flower\AppData\Local\Programs\Python\Python312\Lib\socketserver.py", line 692, in process_request_thread
    self.finish_request(request, client_address)
  File "C:\Users\Flower\AppData\Local\Programs\Python\Python312\Lib\http\server.py", line 1311, in finish_request
    self.RequestHandlerClass(request, client_address, self,
  File "C:\Users\Flower\AppData\Local\Programs\Python\Python312\Lib\http\server.py", line 672, in __init__
    super().__init__(*args, **kwargs)
  File "C:\Users\Flower\AppData\Local\Programs\Python\Python312\Lib\socketserver.py", line 761, in __init__
    self.handle()
  File "C:\Users\Flower\AppData\Local\Programs\Python\Python312\Lib\http\server.py", line 436, in handle
    self.handle_one_request()
  File "C:\Users\Flower\AppData\Local\Programs\Python\Python312\Lib\http\server.py", line 424, in handle_one_request
    method()
  File "C:\Users\Flower\AppData\Local\Programs\Python\Python312\Lib\http\server.py", line 679, in do_GET
    self.copyfile(f, self.wfile)
  File "C:\Users\Flower\AppData\Local\Programs\Python\Python312\Lib\http\server.py", line 878, in copyfile
    shutil.copyfileobj(source, outputfile)
  File "C:\Users\Flower\AppData\Local\Programs\Python\Python312\Lib\shutil.py", line 204, in copyfileobj
    fdst_write(buf)
  File "C:\Users\Flower\AppData\Local\Programs\Python\Python312\Lib\socketserver.py", line 840, in write
    self._sock.sendall(b)
ConnectionResetError: [WinError 10054] Удаленный хост принудительно разорвал существующее подключение
----------------------------------------
::1 - - [09/Aug/2026 19:07:46] "GET /assets/case-elina-web.mp4 HTTP/1.1" 200 -
----------------------------------------
Exception occurred during processing of request from ('::1', 50540, 0, 0)
Traceback (most recent call last):
  File "C:\Users\Flower\AppData\Local\Programs\Python\Python312\Lib\socketserver.py", line 692, in process_request_thread
    self.finish_request(request, client_address)
  File "C:\Users\Flower\AppData\Local\Programs\Python\Python312\Lib\http\server.py", line 1311, in finish_request
    self.RequestHandlerClass(request, client_address, self,
  File "C:\Users\Flower\AppData\Local\Programs\Python\Python312\Lib\http\server.py", line 672, in __init__
    super().__init__(*args, **kwargs)
  File "C:\Users\Flower\AppData\Local\Programs\Python\Python312\Lib\socketserver.py", line 761, in __init__
    self.handle()
  File "C:\Users\Flower\AppData\Local\Programs\Python\Python312\Lib\http\server.py", line 436, in handle
    self.handle_one_request()
  File "C:\Users\Flower\AppData\Local\Programs\Python\Python312\Lib\http\server.py", line 424, in handle_one_request
    method()
::1 - - [09/Aug/2026 19:07:46] "GET /assets/case-elina-web.mp4 HTTP/1.1" 200 -
  File "C:\Users\Flower\AppData\Local\Programs\Python\Python312\Lib\http\server.py", line 679, in do_GET
    self.copyfile(f, self.wfile)
  File "C:\Users\Flower\AppData\Local\Programs\Python\Python312\Lib\http\server.py", line 878, in copyfile
    shutil.copyfileobj(source, outputfile)
  File "C:\Users\Flower\AppData\Local\Programs\Python\Python312\Lib\shutil.py", line 204, in copyfileobj
    fdst_write(buf)
  File "C:\Users\Flower\AppData\Local\Programs\Python\Python312\Lib\socketserver.py", line 840, in write
    self._sock.sendall(b)
ConnectionAbortedError: [WinError 10053] Программа на вашем хост-компьютере разорвала установленное подключение
----------------------------------------
----------------------------------------
Exception occurred during processing of request from ('::1', 51674, 0, 0)
Traceback (most recent call last):
  File "C:\Users\Flower\AppData\Local\Programs\Python\Python312\Lib\socketserver.py", line 692, in process_request_thread
    self.finish_request(request, client_address)
  File "C:\Users\Flower\AppData\Local\Programs\Python\Python312\Lib\http\server.py", line 1311, in finish_request
    self.RequestHandlerClass(request, client_address, self,
  File "C:\Users\Flower\AppData\Local\Programs\Python\Python312\Lib\http\server.py", line 672, in __init__
    super().__init__(*args, **kwargs)
  File "C:\Users\Flower\AppData\Local\Programs\Python\Python312\Lib\socketserver.py", line 761, in __init__
    self.handle()
::1 - - [09/Aug/2026 19:07:46] "GET /assets/case-elina-web.mp4 HTTP/1.1" 200 -
  File "C:\Users\Flower\AppData\Local\Programs\Python\Python312\Lib\http\server.py", line 436, in handle
    self.handle_one_request()
  File "C:\Users\Flower\AppData\Local\Programs\Python\Python312\Lib\http\server.py", line 424, in handle_one_request
    method()
  File "C:\Users\Flower\AppData\Local\Programs\Python\Python312\Lib\http\server.py", line 679, in do_GET
    self.copyfile(f, self.wfile)
  File "C:\Users\Flower\AppData\Local\Programs\Python\Python312\Lib\http\server.py", line 878, in copyfile
    shutil.copyfileobj(source, outputfile)
  File "C:\Users\Flower\AppData\Local\Programs\Python\Python312\Lib\shutil.py", line 204, in copyfileobj
    fdst_write(buf)
  File "C:\Users\Flower\AppData\Local\Programs\Python\Python312\Lib\socketserver.py", line 840, in write
    self._sock.sendall(b)
ConnectionAbortedError: [WinError 10053] Программа на вашем хост-компьютере разорвала установленное подключение
----------------------------------------
----------------------------------------
Exception occurred during processing of request from ('::1', 55682, 0, 0)
Traceback (most recent call last):
  File "C:\Users\Flower\AppData\Local\Programs\Python\Python312\Lib\socketserver.py", line 692, in process_request_thread
    self.finish_request(request, client_address)
  File "C:\Users\Flower\AppData\Local\Programs\Python\Python312\Lib\http\server.py", line 1311, in finish_request
    self.RequestHandlerClass(request, client_address, self,
  File "C:\Users\Flower\AppData\Local\Programs\Python\Python312\Lib\http\server.py", line 672, in __init__
    super().__init__(*args, **kwargs)
  File "C:\Users\Flower\AppData\Local\Programs\Python\Python312\Lib\socketserver.py", line 761, in __init__
    self.handle()
  File "C:\Users\Flower\AppData\Local\Programs\Python\Python312\Lib\http\server.py", line 436, in handle
    self.handle_one_request()
  File "C:\Users\Flower\AppData\Local\Programs\Python\Python312\Lib\http\server.py", line 424, in handle_one_request
    method()
  File "C:\Users\Flower\AppData\Local\Programs\Python\Python312\Lib\http\server.py", line 679, in do_GET
    self.copyfile(f, self.wfile)
  File "C:\Users\Flower\AppData\Local\Programs\Python\Python312\Lib\http\server.py", line 878, in copyfile
    shutil.copyfileobj(source, outputfile)
  File "C:\Users\Flower\AppData\Local\Programs\Python\Python312\Lib\shutil.py", line 204, in copyfileobj
    fdst_write(buf)
  File "C:\Users\Flower\AppData\Local\Programs\Python\Python312\Lib\socketserver.py", line 840, in write
    self._sock.sendall(b)
ConnectionAbortedError: [WinError 10053] Программа на вашем хост-компьютере разорвала установленное подключение
----------------------------------------
::1 - - [09/Aug/2026 19:07:47] "GET / HTTP/1.1" 200 -
::1 - - [09/Aug/2026 19:07:47] "GET /assets/case-elina-poster.png HTTP/1.1" 200 -
::1 - - [09/Aug/2026 19:07:47] "GET /site.js HTTP/1.1" 304 -
::1 - - [09/Aug/2026 19:07:47] "GET /assets/case-elina-web.mp4 HTTP/1.1" 200 -
----------------------------------------
Exception occurred during processing of request from ('::1', 52096, 0, 0)
Traceback (most recent call last):
  File "C:\Users\Flower\AppData\Local\Programs\Python\Python312\Lib\socketserver.py", line 692, in process_request_thread
    self.finish_request(request, client_address)
  File "C:\Users\Flower\AppData\Local\Programs\Python\Python312\Lib\http\server.py", line 1311, in finish_request
    self.RequestHandlerClass(request, client_address, self,
  File "C:\Users\Flower\AppData\Local\Programs\Python\Python312\Lib\http\server.py", line 672, in __init__
    super().__init__(*args, **kwargs)
  File "C:\Users\Flower\AppData\Local\Programs\Python\Python312\Lib\socketserver.py", line 761, in __init__
    self.handle()
::1 - - [09/Aug/2026 19:07:47] "GET /site.css HTTP/1.1" 200 -
  File "C:\Users\Flower\AppData\Local\Programs\Python\Python312\Lib\http\server.py", line 436, in handle
    self.handle_one_request()
  File "C:\Users\Flower\AppData\Local\Programs\Python\Python312\Lib\http\server.py", line 424, in handle_one_request
    method()
  File "C:\Users\Flower\AppData\Local\Programs\Python\Python312\Lib\http\server.py", line 679, in do_GET
    self.copyfile(f, self.wfile)
  File "C:\Users\Flower\AppData\Local\Programs\Python\Python312\Lib\http\server.py", line 878, in copyfile
    shutil.copyfileobj(source, outputfile)
::1 - - [09/Aug/2026 19:07:47] "GET /assets/case-elina-web.mp4 HTTP/1.1" 200 -
  File "C:\Users\Flower\AppData\Local\Programs\Python\Python312\Lib\shutil.py", line 204, in copyfileobj
    fdst_write(buf)
  File "C:\Users\Flower\AppData\Local\Programs\Python\Python312\Lib\socketserver.py", line 840, in write
    self._sock.sendall(b)
ConnectionAbortedError: [WinError 10053] Программа на вашем хост-компьютере разорвала установленное подключение
----------------------------------------
::1 - - [09/Aug/2026 19:07:47] "GET /assets/case-eco-new-desktop.png HTTP/1.1" 304 -
::1 - - [09/Aug/2026 19:07:47] "GET /assets/case-drilling-cover-desktop.png HTTP/1.1" 200 -
::1 - - [09/Aug/2026 19:07:47] "GET /assets/case-elina-web.mp4 HTTP/1.1" 200 -
::1 - - [09/Aug/2026 19:07:50] "GET /assets/case-old-site-desktop-final.jpg HTTP/1.1" 304 -
----------------------------------------
Exception occurred during processing of request from ('::1', 64913, 0, 0)
Traceback (most recent call last):
  File "C:\Users\Flower\AppData\Local\Programs\Python\Python312\Lib\socketserver.py", line 692, in process_request_thread
    self.finish_request(request, client_address)
  File "C:\Users\Flower\AppData\Local\Programs\Python\Python312\Lib\http\server.py", line 1311, in finish_request
    self.RequestHandlerClass(request, client_address, self,
  File "C:\Users\Flower\AppData\Local\Programs\Python\Python312\Lib\http\server.py", line 672, in __init__
    super().__init__(*args, **kwargs)
  File "C:\Users\Flower\AppData\Local\Programs\Python\Python312\Lib\socketserver.py", line 761, in __init__
    self.handle()
  File "C:\Users\Flower\AppData\Local\Programs\Python\Python312\Lib\http\server.py", line 436, in handle
    self.handle_one_request()
  File "C:\Users\Flower\AppData\Local\Programs\Python\Python312\Lib\http\server.py", line 424, in handle_one_request
    method()
  File "C:\Users\Flower\AppData\Local\Programs\Python\Python312\Lib\http\server.py", line 679, in do_GET
    self.copyfile(f, self.wfile)
  File "C:\Users\Flower\AppData\Local\Programs\Python\Python312\Lib\http\server.py", line 878, in copyfile
    shutil.copyfileobj(source, outputfile)
  File "C:\Users\Flower\AppData\Local\Programs\Python\Python312\Lib\shutil.py", line 204, in copyfileobj
    fdst_write(buf)
  File "C:\Users\Flower\AppData\Local\Programs\Python\Python312\Lib\socketserver.py", line 840, in write
    self._sock.sendall(b)
ConnectionResetError: [WinError 10054] Удаленный хост принудительно разорвал существующее подключение
----------------------------------------
::1 - - [09/Aug/2026 19:08:17] "GET /assets/case-elina-web.mp4 HTTP/1.1" 200 -
----------------------------------------
Exception occurred during processing of request from ('::1', 64543, 0, 0)
Traceback (most recent call last):
  File "C:\Users\Flower\AppData\Local\Programs\Python\Python312\Lib\socketserver.py", line 692, in process_request_thread
    self.finish_request(request, client_address)
::1 - - [09/Aug/2026 19:08:17] "GET /assets/case-elina-web.mp4 HTTP/1.1" 200 -
  File "C:\Users\Flower\AppData\Local\Programs\Python\Python312\Lib\http\server.py", line 1311, in finish_request
    self.RequestHandlerClass(request, client_address, self,
  File "C:\Users\Flower\AppData\Local\Programs\Python\Python312\Lib\http\server.py", line 672, in __init__
    super().__init__(*args, **kwargs)
  File "C:\Users\Flower\AppData\Local\Programs\Python\Python312\Lib\socketserver.py", line 761, in __init__
    self.handle()
  File "C:\Users\Flower\AppData\Local\Programs\Python\Python312\Lib\http\server.py", line 436, in handle
    self.handle_one_request()
  File "C:\Users\Flower\AppData\Local\Programs\Python\Python312\Lib\http\server.py", line 424, in handle_one_request
    method()
  File "C:\Users\Flower\AppData\Local\Programs\Python\Python312\Lib\http\server.py", line 679, in do_GET
    self.copyfile(f, self.wfile)
  File "C:\Users\Flower\AppData\Local\Programs\Python\Python312\Lib\http\server.py", line 878, in copyfile
    shutil.copyfileobj(source, outputfile)
  File "C:\Users\Flower\AppData\Local\Programs\Python\Python312\Lib\shutil.py", line 204, in copyfileobj
    fdst_write(buf)
  File "C:\Users\Flower\AppData\Local\Programs\Python\Python312\Lib\socketserver.py", line 840, in write
    self._sock.sendall(b)
ConnectionAbortedError: [WinError 10053] Программа на вашем хост-компьютере разорвала установленное подключение
----------------------------------------
----------------------------------------
Exception occurred during processing of request from ('::1', 63639, 0, 0)
Traceback (most recent call last):
  File "C:\Users\Flower\AppData\Local\Programs\Python\Python312\Lib\socketserver.py", line 692, in process_request_thread
    self.finish_request(request, client_address)
  File "C:\Users\Flower\AppData\Local\Programs\Python\Python312\Lib\http\server.py", line 1311, in finish_request
    self.RequestHandlerClass(request, client_address, self,
  File "C:\Users\Flower\AppData\Local\Programs\Python\Python312\Lib\http\server.py", line 672, in __init__
    super().__init__(*args, **kwargs)
  File "C:\Users\Flower\AppData\Local\Programs\Python\Python312\Lib\socketserver.py", line 761, in __init__
    self.handle()
  File "C:\Users\Flower\AppData\Local\Programs\Python\Python312\Lib\http\server.py", line 436, in handle
    self.handle_one_request()
  File "C:\Users\Flower\AppData\Local\Programs\Python\Python312\Lib\http\server.py", line 424, in handle_one_request
    method()
  File "C:\Users\Flower\AppData\Local\Programs\Python\Python312\Lib\http\server.py", line 679, in do_GET
    self.copyfile(f, self.wfile)
  File "C:\Users\Flower\AppData\Local\Programs\Python\Python312\Lib\http\server.py", line 878, in copyfile
    shutil.copyfileobj(source, outputfile)
  File "C:\Users\Flower\AppData\Local\Programs\Python\Python312\Lib\shutil.py", line 204, in copyfileobj
    fdst_write(buf)
  File "C:\Users\Flower\AppData\Local\Programs\Python\Python312\Lib\socketserver.py", line 840, in write
    self._sock.sendall(b)
ConnectionResetError: [WinError 10054] Удаленный хост принудительно разорвал существующее подключение
----------------------------------------
::1 - - [09/Aug/2026 19:08:30] "GET /assets/case-elina-web.mp4 HTTP/1.1" 200 -
----------------------------------------
Exception occurred during processing of request from ('::1', 63824, 0, 0)
Traceback (most recent call last):
  File "C:\Users\Flower\AppData\Local\Programs\Python\Python312\Lib\socketserver.py", line 692, in process_request_thread
    self.finish_request(request, client_address)
  File "C:\Users\Flower\AppData\Local\Programs\Python\Python312\Lib\http\server.py", line 1311, in finish_request
    self.RequestHandlerClass(request, client_address, self,
  File "C:\Users\Flower\AppData\Local\Programs\Python\Python312\Lib\http\server.py", line 672, in __init__
    super().__init__(*args, **kwargs)
  File "C:\Users\Flower\AppData\Local\Programs\Python\Python312\Lib\socketserver.py", line 761, in __init__
    self.handle()
  File "C:\Users\Flower\AppData\Local\Programs\Python\Python312\Lib\http\server.py", line 436, in handle
    self.handle_one_request()
  File "C:\Users\Flower\AppData\Local\Programs\Python\Python312\Lib\http\server.py", line 424, in handle_one_request
    method()
  File "C:\Users\Flower\AppData\Local\Programs\Python\Python312\Lib\http\server.py", line 679, in do_GET
    self.copyfile(f, self.wfile)
  File "C:\Users\Flower\AppData\Local\Programs\Python\Python312\Lib\http\server.py", line 878, in copyfile
    shutil.copyfileobj(source, outputfile)
  File "C:\Users\Flower\AppData\Local\Programs\Python\Python312\Lib\shutil.py", line 204, in copyfileobj
    fdst_write(buf)
  File "C:\Users\Flower\AppData\Local\Programs\Python\Python312\Lib\socketserver.py", line 840, in write
    self._sock.sendall(b)
ConnectionResetError: [WinError 10054] Удаленный хост принудительно разорвал существующее подключение
----------------------------------------
::1 - - [09/Aug/2026 19:08:30] "GET /assets/case-elina-web.mp4 HTTP/1.1" 200 -
::1 - - [09/Aug/2026 19:09:40] "GET /assets/case-elina-web.mp4 HTTP/1.1" 200 -
::1 - - [09/Aug/2026 19:09:43] "GET / HTTP/1.1" 304 -
----------------------------------------
Exception occurred during processing of request from ('::1', 49515, 0, 0)
Traceback (most recent call last):
  File "C:\Users\Flower\AppData\Local\Programs\Python\Python312\Lib\socketserver.py", line 692, in process_request_thread
    self.finish_request(request, client_address)
  File "C:\Users\Flower\AppData\Local\Programs\Python\Python312\Lib\http\server.py", line 1311, in finish_request
    self.RequestHandlerClass(request, client_address, self,
  File "C:\Users\Flower\AppData\Local\Programs\Python\Python312\Lib\http\server.py", line 672, in __init__
    super().__init__(*args, **kwargs)
  File "C:\Users\Flower\AppData\Local\Programs\Python\Python312\Lib\socketserver.py", line 761, in __init__
    self.handle()
  File "C:\Users\Flower\AppData\Local\Programs\Python\Python312\Lib\http\server.py", line 436, in handle
    self.handle_one_request()
  File "C:\Users\Flower\AppData\Local\Programs\Python\Python312\Lib\http\server.py", line 424, in handle_one_request
    method()
  File "C:\Users\Flower\AppData\Local\Programs\Python\Python312\Lib\http\server.py", line 679, in do_GET
    self.copyfile(f, self.wfile)
  File "C:\Users\Flower\AppData\Local\Programs\Python\Python312\Lib\http\server.py", line 878, in copyfile
    shutil.copyfileobj(source, outputfile)
  File "C:\Users\Flower\AppData\Local\Programs\Python\Python312\Lib\shutil.py", line 204, in copyfileobj
    fdst_write(buf)
  File "C:\Users\Flower\AppData\Local\Programs\Python\Python312\Lib\socketserver.py", line 840, in write
    self._sock.sendall(b)
ConnectionResetError: [WinError 10054] Удаленный хост принудительно разорвал существующее подключение
----------------------------------------
::1 - - [09/Aug/2026 19:09:43] "GET /assets/case-elina-poster.png HTTP/1.1" 304 -
::1 - - [09/Aug/2026 19:09:43] "GET /site.css HTTP/1.1" 304 -
::1 - - [09/Aug/2026 19:09:43] "GET /assets/case-elina-web.mp4 HTTP/1.1" 200 -
::1 - - [09/Aug/2026 19:09:43] "GET /assets/case-analysis-desk-final.png HTTP/1.1" 304 -
----------------------------------------
Exception occurred during processing of request from ('::1', 49320, 0, 0)
Traceback (most recent call last):
  File "C:\Users\Flower\AppData\Local\Programs\Python\Python312\Lib\socketserver.py", line 692, in process_request_thread
    self.finish_request(request, client_address)
  File "C:\Users\Flower\AppData\Local\Programs\Python\Python312\Lib\http\server.py", line 1311, in finish_request
    self.RequestHandlerClass(request, client_address, self,
  File "C:\Users\Flower\AppData\Local\Programs\Python\Python312\Lib\http\server.py", line 672, in __init__
    super().__init__(*args, **kwargs)
  File "C:\Users\Flower\AppData\Local\Programs\Python\Python312\Lib\socketserver.py", line 761, in __init__
    self.handle()
  File "C:\Users\Flower\AppData\Local\Programs\Python\Python312\Lib\http\server.py", line 436, in handle
    self.handle_one_request()
::1 - - [09/Aug/2026 19:09:43] "GET /assets/case-elina-web.mp4 HTTP/1.1" 200 -
  File "C:\Users\Flower\AppData\Local\Programs\Python\Python312\Lib\http\server.py", line 424, in handle_one_request
    method()
  File "C:\Users\Flower\AppData\Local\Programs\Python\Python312\Lib\http\server.py", line 679, in do_GET
    self.copyfile(f, self.wfile)
  File "C:\Users\Flower\AppData\Local\Programs\Python\Python312\Lib\http\server.py", line 878, in copyfile
    shutil.copyfileobj(source, outputfile)
  File "C:\Users\Flower\AppData\Local\Programs\Python\Python312\Lib\shutil.py", line 204, in copyfileobj
    fdst_write(buf)
  File "C:\Users\Flower\AppData\Local\Programs\Python\Python312\Lib\socketserver.py", line 840, in write
    self._sock.sendall(b)
ConnectionResetError: [WinError 10054] Удаленный хост принудительно разорвал существующее подключение
----------------------------------------
::1 - - [09/Aug/2026 19:09:43] "GET /assets/case-elina-web.mp4 HTTP/1.1" 200 -
::1 - - [09/Aug/2026 19:11:03] "GET / HTTP/1.1" 304 -
----------------------------------------
Exception occurred during processing of request from ('::1', 62145, 0, 0)
Traceback (most recent call last):
  File "C:\Users\Flower\AppData\Local\Programs\Python\Python312\Lib\socketserver.py", line 692, in process_request_thread
    self.finish_request(request, client_address)
  File "C:\Users\Flower\AppData\Local\Programs\Python\Python312\Lib\http\server.py", line 1311, in finish_request
    self.RequestHandlerClass(request, client_address, self,
  File "C:\Users\Flower\AppData\Local\Programs\Python\Python312\Lib\http\server.py", line 672, in __init__
    super().__init__(*args, **kwargs)
  File "C:\Users\Flower\AppData\Local\Programs\Python\Python312\Lib\socketserver.py", line 761, in __init__
    self.handle()
  File "C:\Users\Flower\AppData\Local\Programs\Python\Python312\Lib\http\server.py", line 436, in handle
    self.handle_one_request()
  File "C:\Users\Flower\AppData\Local\Programs\Python\Python312\Lib\http\server.py", line 424, in handle_one_request
    method()
  File "C:\Users\Flower\AppData\Local\Programs\Python\Python312\Lib\http\server.py", line 679, in do_GET
    self.copyfile(f, self.wfile)
  File "C:\Users\Flower\AppData\Local\Programs\Python\Python312\Lib\http\server.py", line 878, in copyfile
    shutil.copyfileobj(source, outputfile)
  File "C:\Users\Flower\AppData\Local\Programs\Python\Python312\Lib\shutil.py", line 204, in copyfileobj
    fdst_write(buf)
  File "C:\Users\Flower\AppData\Local\Programs\Python\Python312\Lib\socketserver.py", line 840, in write
    self._sock.sendall(b)
ConnectionResetError: [WinError 10054] Удаленный хост принудительно разорвал существующее подключение
----------------------------------------
::1 - - [09/Aug/2026 19:11:03] "GET /site.css HTTP/1.1" 304 -
::1 - - [09/Aug/2026 19:11:03] "GET /assets/case-elina-poster.png HTTP/1.1" 304 -
::1 - - [09/Aug/2026 19:11:03] "GET /assets/case-elina-web.mp4 HTTP/1.1" 200 -
----------------------------------------
Exception occurred during processing of request from ('::1', 57775, 0, 0)
Traceback (most recent call last):
  File "C:\Users\Flower\AppData\Local\Programs\Python\Python312\Lib\socketserver.py", line 692, in process_request_thread
    self.finish_request(request, client_address)
  File "C:\Users\Flower\AppData\Local\Programs\Python\Python312\Lib\http\server.py", line 1311, in finish_request
    self.RequestHandlerClass(request, client_address, self,
  File "C:\Users\Flower\AppData\Local\Programs\Python\Python312\Lib\http\server.py", line 672, in __init__
    super().__init__(*args, **kwargs)
  File "C:\Users\Flower\AppData\Local\Programs\Python\Python312\Lib\socketserver.py", line 761, in __init__
    self.handle()
  File "C:\Users\Flower\AppData\Local\Programs\Python\Python312\Lib\http\server.py", line 436, in handle
    self.handle_one_request()
::1 - - [09/Aug/2026 19:11:03] "GET /assets/case-elina-web.mp4 HTTP/1.1" 200 -
  File "C:\Users\Flower\AppData\Local\Programs\Python\Python312\Lib\http\server.py", line 424, in handle_one_request
    method()
  File "C:\Users\Flower\AppData\Local\Programs\Python\Python312\Lib\http\server.py", line 679, in do_GET
    self.copyfile(f, self.wfile)
  File "C:\Users\Flower\AppData\Local\Programs\Python\Python312\Lib\http\server.py", line 878, in copyfile
    shutil.copyfileobj(source, outputfile)
  File "C:\Users\Flower\AppData\Local\Programs\Python\Python312\Lib\shutil.py", line 204, in copyfileobj
    fdst_write(buf)
  File "C:\Users\Flower\AppData\Local\Programs\Python\Python312\Lib\socketserver.py", line 840, in write
    self._sock.sendall(b)
ConnectionResetError: [WinError 10054] Удаленный хост принудительно разорвал существующее подключение
----------------------------------------
::1 - - [09/Aug/2026 19:11:03] "GET /assets/case-elina-web.mp4 HTTP/1.1" 200 -
----------------------------------------
Exception occurred during processing of request from ('::1', 58396, 0, 0)
Traceback (most recent call last):
  File "C:\Users\Flower\AppData\Local\Programs\Python\Python312\Lib\socketserver.py", line 692, in process_request_thread
    self.finish_request(request, client_address)
  File "C:\Users\Flower\AppData\Local\Programs\Python\Python312\Lib\http\server.py", line 1311, in finish_request
    self.RequestHandlerClass(request, client_address, self,
  File "C:\Users\Flower\AppData\Local\Programs\Python\Python312\Lib\http\server.py", line 672, in __init__
    super().__init__(*args, **kwargs)
  File "C:\Users\Flower\AppData\Local\Programs\Python\Python312\Lib\socketserver.py", line 761, in __init__
    self.handle()
  File "C:\Users\Flower\AppData\Local\Programs\Python\Python312\Lib\http\server.py", line 436, in handle
    self.handle_one_request()
  File "C:\Users\Flower\AppData\Local\Programs\Python\Python312\Lib\http\server.py", line 424, in handle_one_request
    method()
  File "C:\Users\Flower\AppData\Local\Programs\Python\Python312\Lib\http\server.py", line 679, in do_GET
    self.copyfile(f, self.wfile)
  File "C:\Users\Flower\AppData\Local\Programs\Python\Python312\Lib\http\server.py", line 878, in copyfile
    shutil.copyfileobj(source, outputfile)
  File "C:\Users\Flower\AppData\Local\Programs\Python\Python312\Lib\shutil.py", line 204, in copyfileobj
    fdst_write(buf)
  File "C:\Users\Flower\AppData\Local\Programs\Python\Python312\Lib\socketserver.py", line 840, in write
    self._sock.sendall(b)
ConnectionResetError: [WinError 10054] Удаленный хост принудительно разорвал существующее подключение
----------------------------------------
::1 - - [09/Aug/2026 19:11:32] "GET /assets/case-new-site.jpg HTTP/1.1" 304 -
::1 - - [09/Aug/2026 19:11:32] "GET /assets/case-drilling-cover-mobile.png HTTP/1.1" 200 -
::1 - - [09/Aug/2026 19:12:53] "GET /assets/case-elina-web.mp4 HTTP/1.1" 200 -
::1 - - [09/Aug/2026 19:12:53] "GET /assets/case-elina-web.mp4 HTTP/1.1" 200 -
----------------------------------------
Exception occurred during processing of request from ('::1', 63535, 0, 0)
Traceback (most recent call last):
  File "C:\Users\Flower\AppData\Local\Programs\Python\Python312\Lib\socketserver.py", line 692, in process_request_thread
    self.finish_request(request, client_address)
  File "C:\Users\Flower\AppData\Local\Programs\Python\Python312\Lib\http\server.py", line 1311, in finish_request
    self.RequestHandlerClass(request, client_address, self,
  File "C:\Users\Flower\AppData\Local\Programs\Python\Python312\Lib\http\server.py", line 672, in __init__
    super().__init__(*args, **kwargs)
  File "C:\Users\Flower\AppData\Local\Programs\Python\Python312\Lib\socketserver.py", line 761, in __init__
    self.handle()
  File "C:\Users\Flower\AppData\Local\Programs\Python\Python312\Lib\http\server.py", line 436, in handle
    self.handle_one_request()
  File "C:\Users\Flower\AppData\Local\Programs\Python\Python312\Lib\http\server.py", line 424, in handle_one_request
    method()
  File "C:\Users\Flower\AppData\Local\Programs\Python\Python312\Lib\http\server.py", line 679, in do_GET
    self.copyfile(f, self.wfile)
  File "C:\Users\Flower\AppData\Local\Programs\Python\Python312\Lib\http\server.py", line 878, in copyfile
    shutil.copyfileobj(source, outputfile)
  File "C:\Users\Flower\AppData\Local\Programs\Python\Python312\Lib\shutil.py", line 204, in copyfileobj
    fdst_write(buf)
  File "C:\Users\Flower\AppData\Local\Programs\Python\Python312\Lib\socketserver.py", line 840, in write
    self._sock.sendall(b)
ConnectionResetError: [WinError 10054] Удаленный хост принудительно разорвал существующее подключение
----------------------------------------
::1 - - [09/Aug/2026 19:12:53] "GET /assets/case-elina-web.mp4 HTTP/1.1" 200 -
----------------------------------------
Exception occurred during processing of request from ('::1', 53994, 0, 0)
Traceback (most recent call last):
  File "C:\Users\Flower\AppData\Local\Programs\Python\Python312\Lib\socketserver.py", line 692, in process_request_thread
    self.finish_request(request, client_address)
  File "C:\Users\Flower\AppData\Local\Programs\Python\Python312\Lib\http\server.py", line 1311, in finish_request
    self.RequestHandlerClass(request, client_address, self,
  File "C:\Users\Flower\AppData\Local\Programs\Python\Python312\Lib\http\server.py", line 672, in __init__
    super().__init__(*args, **kwargs)
  File "C:\Users\Flower\AppData\Local\Programs\Python\Python312\Lib\socketserver.py", line 761, in __init__
    self.handle()
  File "C:\Users\Flower\AppData\Local\Programs\Python\Python312\Lib\http\server.py", line 436, in handle
    self.handle_one_request()
  File "C:\Users\Flower\AppData\Local\Programs\Python\Python312\Lib\http\server.py", line 424, in handle_one_request
    method()
  File "C:\Users\Flower\AppData\Local\Programs\Python\Python312\Lib\http\server.py", line 679, in do_GET
    self.copyfile(f, self.wfile)
  File "C:\Users\Flower\AppData\Local\Programs\Python\Python312\Lib\http\server.py", line 878, in copyfile
    shutil.copyfileobj(source, outputfile)
  File "C:\Users\Flower\AppData\Local\Programs\Python\Python312\Lib\shutil.py", line 204, in copyfileobj
    fdst_write(buf)
  File "C:\Users\Flower\AppData\Local\Programs\Python\Python312\Lib\socketserver.py", line 840, in write
    self._sock.sendall(b)
----------------------------------------
ConnectionResetError: [WinError 10054] Удаленный хост принудительно разорвал существующее подключение
Exception occurred during processing of request from ('::1', 55561, 0, 0)
----------------------------------------
Traceback (most recent call last):
  File "C:\Users\Flower\AppData\Local\Programs\Python\Python312\Lib\socketserver.py", line 692, in process_request_thread
    self.finish_request(request, client_address)
  File "C:\Users\Flower\AppData\Local\Programs\Python\Python312\Lib\http\server.py", line 1311, in finish_request
    self.RequestHandlerClass(request, client_address, self,
  File "C:\Users\Flower\AppData\Local\Programs\Python\Python312\Lib\http\server.py", line 672, in __init__
    super().__init__(*args, **kwargs)
  File "C:\Users\Flower\AppData\Local\Programs\Python\Python312\Lib\socketserver.py", line 761, in __init__
    self.handle()
  File "C:\Users\Flower\AppData\Local\Programs\Python\Python312\Lib\http\server.py", line 436, in handle
    self.handle_one_request()
  File "C:\Users\Flower\AppData\Local\Programs\Python\Python312\Lib\http\server.py", line 424, in handle_one_request
    method()
::1 - - [09/Aug/2026 19:12:53] "GET /assets/case-elina-web.mp4 HTTP/1.1" 200 -
  File "C:\Users\Flower\AppData\Local\Programs\Python\Python312\Lib\http\server.py", line 679, in do_GET
    self.copyfile(f, self.wfile)
  File "C:\Users\Flower\AppData\Local\Programs\Python\Python312\Lib\http\server.py", line 878, in copyfile
    shutil.copyfileobj(source, outputfile)
  File "C:\Users\Flower\AppData\Local\Programs\Python\Python312\Lib\shutil.py", line 204, in copyfileobj
    fdst_write(buf)
  File "C:\Users\Flower\AppData\Local\Programs\Python\Python312\Lib\socketserver.py", line 840, in write
    self._sock.sendall(b)
ConnectionAbortedError: [WinError 10053] Программа на вашем хост-компьютере разорвала установленное подключение
----------------------------------------
----------------------------------------
Exception occurred during processing of request from ('::1', 62610, 0, 0)
Traceback (most recent call last):
  File "C:\Users\Flower\AppData\Local\Programs\Python\Python312\Lib\socketserver.py", line 692, in process_request_thread
    self.finish_request(request, client_address)
  File "C:\Users\Flower\AppData\Local\Programs\Python\Python312\Lib\http\server.py", line 1311, in finish_request
    self.RequestHandlerClass(request, client_address, self,
  File "C:\Users\Flower\AppData\Local\Programs\Python\Python312\Lib\http\server.py", line 672, in __init__
    super().__init__(*args, **kwargs)
  File "C:\Users\Flower\AppData\Local\Programs\Python\Python312\Lib\socketserver.py", line 761, in __init__
    self.handle()
::1 - - [09/Aug/2026 19:12:53] "GET /assets/case-elina-web.mp4 HTTP/1.1" 200 -
  File "C:\Users\Flower\AppData\Local\Programs\Python\Python312\Lib\http\server.py", line 436, in handle
    self.handle_one_request()
  File "C:\Users\Flower\AppData\Local\Programs\Python\Python312\Lib\http\server.py", line 424, in handle_one_request
    method()
  File "C:\Users\Flower\AppData\Local\Programs\Python\Python312\Lib\http\server.py", line 679, in do_GET
    self.copyfile(f, self.wfile)
  File "C:\Users\Flower\AppData\Local\Programs\Python\Python312\Lib\http\server.py", line 878, in copyfile
    shutil.copyfileobj(source, outputfile)
  File "C:\Users\Flower\AppData\Local\Programs\Python\Python312\Lib\shutil.py", line 204, in copyfileobj
    fdst_write(buf)
  File "C:\Users\Flower\AppData\Local\Programs\Python\Python312\Lib\socketserver.py", line 840, in write
    self._sock.sendall(b)
ConnectionAbortedError: [WinError 10053] Программа на вашем хост-компьютере разорвала установленное подключение
----------------------------------------
----------------------------------------
Exception occurred during processing of request from ('::1', 62059, 0, 0)
Traceback (most recent call last):
  File "C:\Users\Flower\AppData\Local\Programs\Python\Python312\Lib\socketserver.py", line 692, in process_request_thread
    self.finish_request(request, client_address)
  File "C:\Users\Flower\AppData\Local\Programs\Python\Python312\Lib\http\server.py", line 1311, in finish_request
    self.RequestHandlerClass(request, client_address, self,
  File "C:\Users\Flower\AppData\Local\Programs\Python\Python312\Lib\http\server.py", line 672, in __init__
    super().__init__(*args, **kwargs)
  File "C:\Users\Flower\AppData\Local\Programs\Python\Python312\Lib\socketserver.py", line 761, in __init__
    self.handle()
::1 - - [09/Aug/2026 19:12:53] "GET /assets/case-elina-web.mp4 HTTP/1.1" 200 -
  File "C:\Users\Flower\AppData\Local\Programs\Python\Python312\Lib\http\server.py", line 436, in handle
    self.handle_one_request()
  File "C:\Users\Flower\AppData\Local\Programs\Python\Python312\Lib\http\server.py", line 424, in handle_one_request
    method()
  File "C:\Users\Flower\AppData\Local\Programs\Python\Python312\Lib\http\server.py", line 679, in do_GET
    self.copyfile(f, self.wfile)
  File "C:\Users\Flower\AppData\Local\Programs\Python\Python312\Lib\http\server.py", line 878, in copyfile
    shutil.copyfileobj(source, outputfile)
  File "C:\Users\Flower\AppData\Local\Programs\Python\Python312\Lib\shutil.py", line 204, in copyfileobj
    fdst_write(buf)
  File "C:\Users\Flower\AppData\Local\Programs\Python\Python312\Lib\socketserver.py", line 840, in write
    self._sock.sendall(b)
ConnectionAbortedError: [WinError 10053] Программа на вашем хост-компьютере разорвала установленное подключение
----------------------------------------
----------------------------------------
Exception occurred during processing of request from ('::1', 54998, 0, 0)
Traceback (most recent call last):
  File "C:\Users\Flower\AppData\Local\Programs\Python\Python312\Lib\socketserver.py", line 692, in process_request_thread
    self.finish_request(request, client_address)
  File "C:\Users\Flower\AppData\Local\Programs\Python\Python312\Lib\http\server.py", line 1311, in finish_request
    self.RequestHandlerClass(request, client_address, self,
  File "C:\Users\Flower\AppData\Local\Programs\Python\Python312\Lib\http\server.py", line 672, in __init__
    super().__init__(*args, **kwargs)
  File "C:\Users\Flower\AppData\Local\Programs\Python\Python312\Lib\socketserver.py", line 761, in __init__
    self.handle()
  File "C:\Users\Flower\AppData\Local\Programs\Python\Python312\Lib\http\server.py", line 436, in handle
    self.handle_one_request()
  File "C:\Users\Flower\AppData\Local\Programs\Python\Python312\Lib\http\server.py", line 424, in handle_one_request
    method()
  File "C:\Users\Flower\AppData\Local\Programs\Python\Python312\Lib\http\server.py", line 679, in do_GET
    self.copyfile(f, self.wfile)
  File "C:\Users\Flower\AppData\Local\Programs\Python\Python312\Lib\http\server.py", line 878, in copyfile
    shutil.copyfileobj(source, outputfile)
  File "C:\Users\Flower\AppData\Local\Programs\Python\Python312\Lib\shutil.py", line 204, in copyfileobj
    fdst_write(buf)
  File "C:\Users\Flower\AppData\Local\Programs\Python\Python312\Lib\socketserver.py", line 840, in write
    self._sock.sendall(b)
ConnectionAbortedError: [WinError 10053] Программа на вашем хост-компьютере разорвала установленное подключение
----------------------------------------
::1 - - [09/Aug/2026 19:12:53] "GET /assets/case-elina-web.mp4 HTTP/1.1" 200 -
----------------------------------------
Exception occurred during processing of request from ('::1', 61526, 0, 0)
Traceback (most recent call last):
  File "C:\Users\Flower\AppData\Local\Programs\Python\Python312\Lib\socketserver.py", line 692, in process_request_thread
    self.finish_request(request, client_address)
  File "C:\Users\Flower\AppData\Local\Programs\Python\Python312\Lib\http\server.py", line 1311, in finish_request
    self.RequestHandlerClass(request, client_address, self,
  File "C:\Users\Flower\AppData\Local\Programs\Python\Python312\Lib\http\server.py", line 672, in __init__
    super().__init__(*args, **kwargs)
  File "C:\Users\Flower\AppData\Local\Programs\Python\Python312\Lib\socketserver.py", line 761, in __init__
    self.handle()
  File "C:\Users\Flower\AppData\Local\Programs\Python\Python312\Lib\http\server.py", line 436, in handle
    self.handle_one_request()
  File "C:\Users\Flower\AppData\Local\Programs\Python\Python312\Lib\http\server.py", line 424, in handle_one_request
    method()
  File "C:\Users\Flower\AppData\Local\Programs\Python\Python312\Lib\http\server.py", line 679, in do_GET
    self.copyfile(f, self.wfile)
::1 - - [09/Aug/2026 19:12:53] "GET /assets/case-elina-web.mp4 HTTP/1.1" 200 -
  File "C:\Users\Flower\AppData\Local\Programs\Python\Python312\Lib\http\server.py", line 878, in copyfile
    shutil.copyfileobj(source, outputfile)
  File "C:\Users\Flower\AppData\Local\Programs\Python\Python312\Lib\shutil.py", line 204, in copyfileobj
    fdst_write(buf)
  File "C:\Users\Flower\AppData\Local\Programs\Python\Python312\Lib\socketserver.py", line 840, in write
    self._sock.sendall(b)
ConnectionAbortedError: [WinError 10053] Программа на вашем хост-компьютере разорвала установленное подключение
----------------------------------------
----------------------------------------
Exception occurred during processing of request from ('::1', 57315, 0, 0)
Traceback (most recent call last):
  File "C:\Users\Flower\AppData\Local\Programs\Python\Python312\Lib\socketserver.py", line 692, in process_request_thread
    self.finish_request(request, client_address)
  File "C:\Users\Flower\AppData\Local\Programs\Python\Python312\Lib\http\server.py", line 1311, in finish_request
    self.RequestHandlerClass(request, client_address, self,
  File "C:\Users\Flower\AppData\Local\Programs\Python\Python312\Lib\http\server.py", line 672, in __init__
    super().__init__(*args, **kwargs)
  File "C:\Users\Flower\AppData\Local\Programs\Python\Python312\Lib\socketserver.py", line 761, in __init__
    self.handle()
  File "C:\Users\Flower\AppData\Local\Programs\Python\Python312\Lib\http\server.py", line 436, in handle
    self.handle_one_request()
  File "C:\Users\Flower\AppData\Local\Programs\Python\Python312\Lib\http\server.py", line 424, in handle_one_request
    method()
  File "C:\Users\Flower\AppData\Local\Programs\Python\Python312\Lib\http\server.py", line 679, in do_GET
    self.copyfile(f, self.wfile)
  File "C:\Users\Flower\AppData\Local\Programs\Python\Python312\Lib\http\server.py", line 878, in copyfile
    shutil.copyfileobj(source, outputfile)
::1 - - [09/Aug/2026 19:12:53] "GET /assets/case-elina-web.mp4 HTTP/1.1" 200 -
  File "C:\Users\Flower\AppData\Local\Programs\Python\Python312\Lib\shutil.py", line 204, in copyfileobj
    fdst_write(buf)
  File "C:\Users\Flower\AppData\Local\Programs\Python\Python312\Lib\socketserver.py", line 840, in write
    self._sock.sendall(b)
ConnectionResetError: [WinError 10054] Удаленный хост принудительно разорвал существующее подключение
----------------------------------------
----------------------------------------
Exception occurred during processing of request from ('::1', 57708, 0, 0)
Traceback (most recent call last):
  File "C:\Users\Flower\AppData\Local\Programs\Python\Python312\Lib\socketserver.py", line 692, in process_request_thread
    self.finish_request(request, client_address)
  File "C:\Users\Flower\AppData\Local\Programs\Python\Python312\Lib\http\server.py", line 1311, in finish_request
    self.RequestHandlerClass(request, client_address, self,
  File "C:\Users\Flower\AppData\Local\Programs\Python\Python312\Lib\http\server.py", line 672, in __init__
    super().__init__(*args, **kwargs)
  File "C:\Users\Flower\AppData\Local\Programs\Python\Python312\Lib\socketserver.py", line 761, in __init__
    self.handle()
  File "C:\Users\Flower\AppData\Local\Programs\Python\Python312\Lib\http\server.py", line 436, in handle
    self.handle_one_request()
  File "C:\Users\Flower\AppData\Local\Programs\Python\Python312\Lib\http\server.py", line 424, in handle_one_request
    method()
  File "C:\Users\Flower\AppData\Local\Programs\Python\Python312\Lib\http\server.py", line 679, in do_GET
    self.copyfile(f, self.wfile)
  File "C:\Users\Flower\AppData\Local\Programs\Python\Python312\Lib\http\server.py", line 878, in copyfile
    shutil.copyfileobj(source, outputfile)
  File "C:\Users\Flower\AppData\Local\Programs\Python\Python312\Lib\shutil.py", line 204, in copyfileobj
    fdst_write(buf)
  File "C:\Users\Flower\AppData\Local\Programs\Python\Python312\Lib\socketserver.py", line 840, in write
    self._sock.sendall(b)
ConnectionAbortedError: [WinError 10053] Программа на вашем хост-компьютере разорвала установленное подключение
----------------------------------------
::1 - - [09/Aug/2026 19:12:53] "GET /assets/case-elina-web.mp4 HTTP/1.1" 200 -
----------------------------------------
Exception occurred during processing of request from ('::1', 52043, 0, 0)
Traceback (most recent call last):
  File "C:\Users\Flower\AppData\Local\Programs\Python\Python312\Lib\socketserver.py", line 692, in process_request_thread
    self.finish_request(request, client_address)
  File "C:\Users\Flower\AppData\Local\Programs\Python\Python312\Lib\http\server.py", line 1311, in finish_request
    self.RequestHandlerClass(request, client_address, self,
  File "C:\Users\Flower\AppData\Local\Programs\Python\Python312\Lib\http\server.py", line 672, in __init__
    super().__init__(*args, **kwargs)
  File "C:\Users\Flower\AppData\Local\Programs\Python\Python312\Lib\socketserver.py", line 761, in __init__
    self.handle()
  File "C:\Users\Flower\AppData\Local\Programs\Python\Python312\Lib\http\server.py", line 436, in handle
    self.handle_one_request()
  File "C:\Users\Flower\AppData\Local\Programs\Python\Python312\Lib\http\server.py", line 424, in handle_one_request
    method()
  File "C:\Users\Flower\AppData\Local\Programs\Python\Python312\Lib\http\server.py", line 679, in do_GET
    self.copyfile(f, self.wfile)
  File "C:\Users\Flower\AppData\Local\Programs\Python\Python312\Lib\http\server.py", line 878, in copyfile
    shutil.copyfileobj(source, outputfile)
  File "C:\Users\Flower\AppData\Local\Programs\Python\Python312\Lib\shutil.py", line 204, in copyfileobj
    fdst_write(buf)
  File "C:\Users\Flower\AppData\Local\Programs\Python\Python312\Lib\socketserver.py", line 840, in write
    self._sock.sendall(b)
ConnectionAbortedError: [WinError 10053] Программа на вашем хост-компьютере разорвала установленное подключение
----------------------------------------
::1 - - [09/Aug/2026 19:12:53] "GET /assets/case-elina-web.mp4 HTTP/1.1" 200 -
----------------------------------------
Exception occurred during processing of request from ('::1', 52770, 0, 0)
Traceback (most recent call last):
  File "C:\Users\Flower\AppData\Local\Programs\Python\Python312\Lib\socketserver.py", line 692, in process_request_thread
    self.finish_request(request, client_address)
  File "C:\Users\Flower\AppData\Local\Programs\Python\Python312\Lib\http\server.py", line 1311, in finish_request
    self.RequestHandlerClass(request, client_address, self,
  File "C:\Users\Flower\AppData\Local\Programs\Python\Python312\Lib\http\server.py", line 672, in __init__
    super().__init__(*args, **kwargs)
  File "C:\Users\Flower\AppData\Local\Programs\Python\Python312\Lib\socketserver.py", line 761, in __init__
    self.handle()
  File "C:\Users\Flower\AppData\Local\Programs\Python\Python312\Lib\http\server.py", line 436, in handle
    self.handle_one_request()
  File "C:\Users\Flower\AppData\Local\Programs\Python\Python312\Lib\http\server.py", line 424, in handle_one_request
    method()
  File "C:\Users\Flower\AppData\Local\Programs\Python\Python312\Lib\http\server.py", line 679, in do_GET
    self.copyfile(f, self.wfile)
  File "C:\Users\Flower\AppData\Local\Programs\Python\Python312\Lib\http\server.py", line 878, in copyfile
    shutil.copyfileobj(source, outputfile)
  File "C:\Users\Flower\AppData\Local\Programs\Python\Python312\Lib\shutil.py", line 204, in copyfileobj
    fdst_write(buf)
  File "C:\Users\Flower\AppData\Local\Programs\Python\Python312\Lib\socketserver.py", line 840, in write
    self._sock.sendall(b)
ConnectionResetError: [WinError 10054] Удаленный хост принудительно разорвал существующее подключение
----------------------------------------
::1 - - [09/Aug/2026 19:12:53] "GET /assets/case-elina-web.mp4 HTTP/1.1" 200 -
----------------------------------------
Exception occurred during processing of request from ('::1', 64316, 0, 0)
Traceback (most recent call last):
  File "C:\Users\Flower\AppData\Local\Programs\Python\Python312\Lib\socketserver.py", line 692, in process_request_thread
    self.finish_request(request, client_address)
  File "C:\Users\Flower\AppData\Local\Programs\Python\Python312\Lib\http\server.py", line 1311, in finish_request
    self.RequestHandlerClass(request, client_address, self,
  File "C:\Users\Flower\AppData\Local\Programs\Python\Python312\Lib\http\server.py", line 672, in __init__
    super().__init__(*args, **kwargs)
  File "C:\Users\Flower\AppData\Local\Programs\Python\Python312\Lib\socketserver.py", line 761, in __init__
    self.handle()
  File "C:\Users\Flower\AppData\Local\Programs\Python\Python312\Lib\http\server.py", line 436, in handle
    self.handle_one_request()
  File "C:\Users\Flower\AppData\Local\Programs\Python\Python312\Lib\http\server.py", line 424, in handle_one_request
    method()
  File "C:\Users\Flower\AppData\Local\Programs\Python\Python312\Lib\http\server.py", line 679, in do_GET
    self.copyfile(f, self.wfile)
  File "C:\Users\Flower\AppData\Local\Programs\Python\Python312\Lib\http\server.py", line 878, in copyfile
    shutil.copyfileobj(source, outputfile)
::1 - - [09/Aug/2026 19:12:53] "GET /assets/case-elina-web.mp4 HTTP/1.1" 200 -
  File "C:\Users\Flower\AppData\Local\Programs\Python\Python312\Lib\shutil.py", line 204, in copyfileobj
    fdst_write(buf)
  File "C:\Users\Flower\AppData\Local\Programs\Python\Python312\Lib\socketserver.py", line 840, in write
    self._sock.sendall(b)
ConnectionResetError: [WinError 10054] Удаленный хост принудительно разорвал существующее подключение
----------------------------------------
----------------------------------------
Exception occurred during processing of request from ('::1', 65207, 0, 0)
Traceback (most recent call last):
  File "C:\Users\Flower\AppData\Local\Programs\Python\Python312\Lib\socketserver.py", line 692, in process_request_thread
    self.finish_request(request, client_address)
  File "C:\Users\Flower\AppData\Local\Programs\Python\Python312\Lib\http\server.py", line 1311, in finish_request
    self.RequestHandlerClass(request, client_address, self,
  File "C:\Users\Flower\AppData\Local\Programs\Python\Python312\Lib\http\server.py", line 672, in __init__
    super().__init__(*args, **kwargs)
  File "C:\Users\Flower\AppData\Local\Programs\Python\Python312\Lib\socketserver.py", line 761, in __init__
    self.handle()
  File "C:\Users\Flower\AppData\Local\Programs\Python\Python312\Lib\http\server.py", line 436, in handle
    self.handle_one_request()
  File "C:\Users\Flower\AppData\Local\Programs\Python\Python312\Lib\http\server.py", line 424, in handle_one_request
    method()
  File "C:\Users\Flower\AppData\Local\Programs\Python\Python312\Lib\http\server.py", line 679, in do_GET
    self.copyfile(f, self.wfile)
  File "C:\Users\Flower\AppData\Local\Programs\Python\Python312\Lib\http\server.py", line 878, in copyfile
    shutil.copyfileobj(source, outputfile)
  File "C:\Users\Flower\AppData\Local\Programs\Python\Python312\Lib\shutil.py", line 204, in copyfileobj
    fdst_write(buf)
  File "C:\Users\Flower\AppData\Local\Programs\Python\Python312\Lib\socketserver.py", line 840, in write
    self._sock.sendall(b)
ConnectionResetError: [WinError 10054] Удаленный хост принудительно разорвал существующее подключение
----------------------------------------
::1 - - [09/Aug/2026 19:17:24] "GET /assets/case-elina-web.mp4 HTTP/1.1" 200 -
::1 - - [09/Aug/2026 19:17:24] "GET /assets/case-elina-web.mp4 HTTP/1.1" 200 -
----------------------------------------
Exception occurred during processing of request from ('::1', 51485, 0, 0)
Traceback (most recent call last):
  File "C:\Users\Flower\AppData\Local\Programs\Python\Python312\Lib\socketserver.py", line 692, in process_request_thread
    self.finish_request(request, client_address)
  File "C:\Users\Flower\AppData\Local\Programs\Python\Python312\Lib\http\server.py", line 1311, in finish_request
    self.RequestHandlerClass(request, client_address, self,
  File "C:\Users\Flower\AppData\Local\Programs\Python\Python312\Lib\http\server.py", line 672, in __init__
    super().__init__(*args, **kwargs)
  File "C:\Users\Flower\AppData\Local\Programs\Python\Python312\Lib\socketserver.py", line 761, in __init__
    self.handle()
  File "C:\Users\Flower\AppData\Local\Programs\Python\Python312\Lib\http\server.py", line 436, in handle
    self.handle_one_request()
  File "C:\Users\Flower\AppData\Local\Programs\Python\Python312\Lib\http\server.py", line 424, in handle_one_request
    method()
  File "C:\Users\Flower\AppData\Local\Programs\Python\Python312\Lib\http\server.py", line 679, in do_GET
    self.copyfile(f, self.wfile)
  File "C:\Users\Flower\AppData\Local\Programs\Python\Python312\Lib\http\server.py", line 878, in copyfile
    shutil.copyfileobj(source, outputfile)
  File "C:\Users\Flower\AppData\Local\Programs\Python\Python312\Lib\shutil.py", line 204, in copyfileobj
    fdst_write(buf)
  File "C:\Users\Flower\AppData\Local\Programs\Python\Python312\Lib\socketserver.py", line 840, in write
    self._sock.sendall(b)
ConnectionResetError: [WinError 10054] Удаленный хост принудительно разорвал существующее подключение
----------------------------------------
----------------------------------------
Exception occurred during processing of request from ('::1', 57890, 0, 0)
Traceback (most recent call last):
  File "C:\Users\Flower\AppData\Local\Programs\Python\Python312\Lib\socketserver.py", line 692, in process_request_thread
    self.finish_request(request, client_address)
  File "C:\Users\Flower\AppData\Local\Programs\Python\Python312\Lib\http\server.py", line 1311, in finish_request
    self.RequestHandlerClass(request, client_address, self,
  File "C:\Users\Flower\AppData\Local\Programs\Python\Python312\Lib\http\server.py", line 672, in __init__
    super().__init__(*args, **kwargs)
  File "C:\Users\Flower\AppData\Local\Programs\Python\Python312\Lib\socketserver.py", line 761, in __init__
    self.handle()
  File "C:\Users\Flower\AppData\Local\Programs\Python\Python312\Lib\http\server.py", line 436, in handle
    self.handle_one_request()
  File "C:\Users\Flower\AppData\Local\Programs\Python\Python312\Lib\http\server.py", line 424, in handle_one_request
    method()
  File "C:\Users\Flower\AppData\Local\Programs\Python\Python312\Lib\http\server.py", line 679, in do_GET
    self.copyfile(f, self.wfile)
  File "C:\Users\Flower\AppData\Local\Programs\Python\Python312\Lib\http\server.py", line 878, in copyfile
    shutil.copyfileobj(source, outputfile)
  File "C:\Users\Flower\AppData\Local\Programs\Python\Python312\Lib\shutil.py", line 204, in copyfileobj
    fdst_write(buf)
::1 - - [09/Aug/2026 19:17:24] "GET /assets/case-elina-web.mp4 HTTP/1.1" 200 -
  File "C:\Users\Flower\AppData\Local\Programs\Python\Python312\Lib\socketserver.py", line 840, in write
    self._sock.sendall(b)
ConnectionResetError: [WinError 10054] Удаленный хост принудительно разорвал существующее подключение
----------------------------------------
----------------------------------------
Exception occurred during processing of request from ('::1', 52725, 0, 0)
Traceback (most recent call last):
  File "C:\Users\Flower\AppData\Local\Programs\Python\Python312\Lib\socketserver.py", line 692, in process_request_thread
    self.finish_request(request, client_address)
  File "C:\Users\Flower\AppData\Local\Programs\Python\Python312\Lib\http\server.py", line 1311, in finish_request
    self.RequestHandlerClass(request, client_address, self,
  File "C:\Users\Flower\AppData\Local\Programs\Python\Python312\Lib\http\server.py", line 672, in __init__
    super().__init__(*args, **kwargs)
  File "C:\Users\Flower\AppData\Local\Programs\Python\Python312\Lib\socketserver.py", line 761, in __init__
    self.handle()
  File "C:\Users\Flower\AppData\Local\Programs\Python\Python312\Lib\http\server.py", line 436, in handle
    self.handle_one_request()
::1 - - [09/Aug/2026 19:17:24] "GET /assets/case-elina-web.mp4 HTTP/1.1" 200 -
  File "C:\Users\Flower\AppData\Local\Programs\Python\Python312\Lib\http\server.py", line 424, in handle_one_request
    method()
  File "C:\Users\Flower\AppData\Local\Programs\Python\Python312\Lib\http\server.py", line 679, in do_GET
    self.copyfile(f, self.wfile)
  File "C:\Users\Flower\AppData\Local\Programs\Python\Python312\Lib\http\server.py", line 878, in copyfile
    shutil.copyfileobj(source, outputfile)
  File "C:\Users\Flower\AppData\Local\Programs\Python\Python312\Lib\shutil.py", line 204, in copyfileobj
    fdst_write(buf)
  File "C:\Users\Flower\AppData\Local\Programs\Python\Python312\Lib\socketserver.py", line 840, in write
    self._sock.sendall(b)
ConnectionResetError: [WinError 10054] Удаленный хост принудительно разорвал существующее подключение
----------------------------------------
----------------------------------------
Exception occurred during processing of request from ('::1', 64806, 0, 0)
Traceback (most recent call last):
  File "C:\Users\Flower\AppData\Local\Programs\Python\Python312\Lib\socketserver.py", line 692, in process_request_thread
    self.finish_request(request, client_address)
  File "C:\Users\Flower\AppData\Local\Programs\Python\Python312\Lib\http\server.py", line 1311, in finish_request
    self.RequestHandlerClass(request, client_address, self,
  File "C:\Users\Flower\AppData\Local\Programs\Python\Python312\Lib\http\server.py", line 672, in __init__
    super().__init__(*args, **kwargs)
  File "C:\Users\Flower\AppData\Local\Programs\Python\Python312\Lib\socketserver.py", line 761, in __init__
    self.handle()
  File "C:\Users\Flower\AppData\Local\Programs\Python\Python312\Lib\http\server.py", line 436, in handle
    self.handle_one_request()
::1 - - [09/Aug/2026 19:17:24] "GET /assets/case-elina-web.mp4 HTTP/1.1" 200 -
  File "C:\Users\Flower\AppData\Local\Programs\Python\Python312\Lib\http\server.py", line 424, in handle_one_request
    method()
  File "C:\Users\Flower\AppData\Local\Programs\Python\Python312\Lib\http\server.py", line 679, in do_GET
    self.copyfile(f, self.wfile)
  File "C:\Users\Flower\AppData\Local\Programs\Python\Python312\Lib\http\server.py", line 878, in copyfile
    shutil.copyfileobj(source, outputfile)
  File "C:\Users\Flower\AppData\Local\Programs\Python\Python312\Lib\shutil.py", line 204, in copyfileobj
    fdst_write(buf)
  File "C:\Users\Flower\AppData\Local\Programs\Python\Python312\Lib\socketserver.py", line 840, in write
    self._sock.sendall(b)
ConnectionAbortedError: [WinError 10053] Программа на вашем хост-компьютере разорвала установленное подключение
----------------------------------------
----------------------------------------
Exception occurred during processing of request from ('::1', 60826, 0, 0)
Traceback (most recent call last):
  File "C:\Users\Flower\AppData\Local\Programs\Python\Python312\Lib\socketserver.py", line 692, in process_request_thread
    self.finish_request(request, client_address)
  File "C:\Users\Flower\AppData\Local\Programs\Python\Python312\Lib\http\server.py", line 1311, in finish_request
    self.RequestHandlerClass(request, client_address, self,
  File "C:\Users\Flower\AppData\Local\Programs\Python\Python312\Lib\http\server.py", line 672, in __init__
    super().__init__(*args, **kwargs)
  File "C:\Users\Flower\AppData\Local\Programs\Python\Python312\Lib\socketserver.py", line 761, in __init__
    self.handle()
  File "C:\Users\Flower\AppData\Local\Programs\Python\Python312\Lib\http\server.py", line 436, in handle
    self.handle_one_request()
  File "C:\Users\Flower\AppData\Local\Programs\Python\Python312\Lib\http\server.py", line 424, in handle_one_request
    method()
  File "C:\Users\Flower\AppData\Local\Programs\Python\Python312\Lib\http\server.py", line 679, in do_GET
    self.copyfile(f, self.wfile)
::1 - - [09/Aug/2026 19:17:24] "GET /assets/case-elina-web.mp4 HTTP/1.1" 200 -
  File "C:\Users\Flower\AppData\Local\Programs\Python\Python312\Lib\http\server.py", line 878, in copyfile
    shutil.copyfileobj(source, outputfile)
  File "C:\Users\Flower\AppData\Local\Programs\Python\Python312\Lib\shutil.py", line 204, in copyfileobj
    fdst_write(buf)
  File "C:\Users\Flower\AppData\Local\Programs\Python\Python312\Lib\socketserver.py", line 840, in write
    self._sock.sendall(b)
ConnectionAbortedError: [WinError 10053] Программа на вашем хост-компьютере разорвала установленное подключение
----------------------------------------
----------------------------------------
Exception occurred during processing of request from ('::1', 63555, 0, 0)
Traceback (most recent call last):
  File "C:\Users\Flower\AppData\Local\Programs\Python\Python312\Lib\socketserver.py", line 692, in process_request_thread
    self.finish_request(request, client_address)
  File "C:\Users\Flower\AppData\Local\Programs\Python\Python312\Lib\http\server.py", line 1311, in finish_request
    self.RequestHandlerClass(request, client_address, self,
  File "C:\Users\Flower\AppData\Local\Programs\Python\Python312\Lib\http\server.py", line 672, in __init__
    super().__init__(*args, **kwargs)
  File "C:\Users\Flower\AppData\Local\Programs\Python\Python312\Lib\socketserver.py", line 761, in __init__
    self.handle()
  File "C:\Users\Flower\AppData\Local\Programs\Python\Python312\Lib\http\server.py", line 436, in handle
    self.handle_one_request()
  File "C:\Users\Flower\AppData\Local\Programs\Python\Python312\Lib\http\server.py", line 424, in handle_one_request
    method()
  File "C:\Users\Flower\AppData\Local\Programs\Python\Python312\Lib\http\server.py", line 679, in do_GET
    self.copyfile(f, self.wfile)
::1 - - [09/Aug/2026 19:17:24] "GET /assets/case-elina-web.mp4 HTTP/1.1" 200 -
  File "C:\Users\Flower\AppData\Local\Programs\Python\Python312\Lib\http\server.py", line 878, in copyfile
    shutil.copyfileobj(source, outputfile)
  File "C:\Users\Flower\AppData\Local\Programs\Python\Python312\Lib\shutil.py", line 204, in copyfileobj
    fdst_write(buf)
  File "C:\Users\Flower\AppData\Local\Programs\Python\Python312\Lib\socketserver.py", line 840, in write
    self._sock.sendall(b)
ConnectionAbortedError: [WinError 10053] Программа на вашем хост-компьютере разорвала установленное подключение
----------------------------------------
----------------------------------------
Exception occurred during processing of request from ('::1', 55288, 0, 0)
Traceback (most recent call last):
  File "C:\Users\Flower\AppData\Local\Programs\Python\Python312\Lib\socketserver.py", line 692, in process_request_thread
    self.finish_request(request, client_address)
  File "C:\Users\Flower\AppData\Local\Programs\Python\Python312\Lib\http\server.py", line 1311, in finish_request
    self.RequestHandlerClass(request, client_address, self,
  File "C:\Users\Flower\AppData\Local\Programs\Python\Python312\Lib\http\server.py", line 672, in __init__
    super().__init__(*args, **kwargs)
  File "C:\Users\Flower\AppData\Local\Programs\Python\Python312\Lib\socketserver.py", line 761, in __init__
    self.handle()
  File "C:\Users\Flower\AppData\Local\Programs\Python\Python312\Lib\http\server.py", line 436, in handle
    self.handle_one_request()
  File "C:\Users\Flower\AppData\Local\Programs\Python\Python312\Lib\http\server.py", line 424, in handle_one_request
    method()
  File "C:\Users\Flower\AppData\Local\Programs\Python\Python312\Lib\http\server.py", line 679, in do_GET
    self.copyfile(f, self.wfile)
::1 - - [09/Aug/2026 19:17:24] "GET /assets/case-elina-web.mp4 HTTP/1.1" 200 -
  File "C:\Users\Flower\AppData\Local\Programs\Python\Python312\Lib\http\server.py", line 878, in copyfile
    shutil.copyfileobj(source, outputfile)
  File "C:\Users\Flower\AppData\Local\Programs\Python\Python312\Lib\shutil.py", line 204, in copyfileobj
    fdst_write(buf)
  File "C:\Users\Flower\AppData\Local\Programs\Python\Python312\Lib\socketserver.py", line 840, in write
    self._sock.sendall(b)
ConnectionResetError: [WinError 10054] Удаленный хост принудительно разорвал существующее подключение
----------------------------------------
----------------------------------------
Exception occurred during processing of request from ('::1', 51373, 0, 0)
Traceback (most recent call last):
  File "C:\Users\Flower\AppData\Local\Programs\Python\Python312\Lib\socketserver.py", line 692, in process_request_thread
    self.finish_request(request, client_address)
  File "C:\Users\Flower\AppData\Local\Programs\Python\Python312\Lib\http\server.py", line 1311, in finish_request
    self.RequestHandlerClass(request, client_address, self,
  File "C:\Users\Flower\AppData\Local\Programs\Python\Python312\Lib\http\server.py", line 672, in __init__
    super().__init__(*args, **kwargs)
  File "C:\Users\Flower\AppData\Local\Programs\Python\Python312\Lib\socketserver.py", line 761, in __init__
    self.handle()
  File "C:\Users\Flower\AppData\Local\Programs\Python\Python312\Lib\http\server.py", line 436, in handle
    self.handle_one_request()
  File "C:\Users\Flower\AppData\Local\Programs\Python\Python312\Lib\http\server.py", line 424, in handle_one_request
    method()
  File "C:\Users\Flower\AppData\Local\Programs\Python\Python312\Lib\http\server.py", line 679, in do_GET
    self.copyfile(f, self.wfile)
  File "C:\Users\Flower\AppData\Local\Programs\Python\Python312\Lib\http\server.py", line 878, in copyfile
    shutil.copyfileobj(source, outputfile)
  File "C:\Users\Flower\AppData\Local\Programs\Python\Python312\Lib\shutil.py", line 204, in copyfileobj
    fdst_write(buf)
  File "C:\Users\Flower\AppData\Local\Programs\Python\Python312\Lib\socketserver.py", line 840, in write
    self._sock.sendall(b)
ConnectionAbortedError: [WinError 10053] Программа на вашем хост-компьютере разорвала установленное подключение
----------------------------------------
::1 - - [09/Aug/2026 19:17:24] "GET /assets/case-elina-web.mp4 HTTP/1.1" 200 -
----------------------------------------
Exception occurred during processing of request from ('::1', 52275, 0, 0)
Traceback (most recent call last):
  File "C:\Users\Flower\AppData\Local\Programs\Python\Python312\Lib\socketserver.py", line 692, in process_request_thread
    self.finish_request(request, client_address)
  File "C:\Users\Flower\AppData\Local\Programs\Python\Python312\Lib\http\server.py", line 1311, in finish_request
    self.RequestHandlerClass(request, client_address, self,
  File "C:\Users\Flower\AppData\Local\Programs\Python\Python312\Lib\http\server.py", line 672, in __init__
    super().__init__(*args, **kwargs)
  File "C:\Users\Flower\AppData\Local\Programs\Python\Python312\Lib\socketserver.py", line 761, in __init__
    self.handle()
  File "C:\Users\Flower\AppData\Local\Programs\Python\Python312\Lib\http\server.py", line 436, in handle
    self.handle_one_request()
  File "C:\Users\Flower\AppData\Local\Programs\Python\Python312\Lib\http\server.py", line 424, in handle_one_request
    method()
  File "C:\Users\Flower\AppData\Local\Programs\Python\Python312\Lib\http\server.py", line 679, in do_GET
    self.copyfile(f, self.wfile)
::1 - - [09/Aug/2026 19:17:24] "GET /assets/case-elina-web.mp4 HTTP/1.1" 200 -
  File "C:\Users\Flower\AppData\Local\Programs\Python\Python312\Lib\http\server.py", line 878, in copyfile
    shutil.copyfileobj(source, outputfile)
  File "C:\Users\Flower\AppData\Local\Programs\Python\Python312\Lib\shutil.py", line 204, in copyfileobj
    fdst_write(buf)
  File "C:\Users\Flower\AppData\Local\Programs\Python\Python312\Lib\socketserver.py", line 840, in write
    self._sock.sendall(b)
ConnectionAbortedError: [WinError 10053] Программа на вашем хост-компьютере разорвала установленное подключение
----------------------------------------
----------------------------------------
Exception occurred during processing of request from ('::1', 54165, 0, 0)
Traceback (most recent call last):
  File "C:\Users\Flower\AppData\Local\Programs\Python\Python312\Lib\socketserver.py", line 692, in process_request_thread
    self.finish_request(request, client_address)
  File "C:\Users\Flower\AppData\Local\Programs\Python\Python312\Lib\http\server.py", line 1311, in finish_request
    self.RequestHandlerClass(request, client_address, self,
  File "C:\Users\Flower\AppData\Local\Programs\Python\Python312\Lib\http\server.py", line 672, in __init__
    super().__init__(*args, **kwargs)
  File "C:\Users\Flower\AppData\Local\Programs\Python\Python312\Lib\socketserver.py", line 761, in __init__
    self.handle()
  File "C:\Users\Flower\AppData\Local\Programs\Python\Python312\Lib\http\server.py", line 436, in handle
    self.handle_one_request()
::1 - - [09/Aug/2026 19:17:24] "GET /assets/case-elina-web.mp4 HTTP/1.1" 200 -
  File "C:\Users\Flower\AppData\Local\Programs\Python\Python312\Lib\http\server.py", line 424, in handle_one_request
    method()
  File "C:\Users\Flower\AppData\Local\Programs\Python\Python312\Lib\http\server.py", line 679, in do_GET
    self.copyfile(f, self.wfile)
  File "C:\Users\Flower\AppData\Local\Programs\Python\Python312\Lib\http\server.py", line 878, in copyfile
    shutil.copyfileobj(source, outputfile)
  File "C:\Users\Flower\AppData\Local\Programs\Python\Python312\Lib\shutil.py", line 204, in copyfileobj
    fdst_write(buf)
  File "C:\Users\Flower\AppData\Local\Programs\Python\Python312\Lib\socketserver.py", line 840, in write
    self._sock.sendall(b)
ConnectionAbortedError: [WinError 10053] Программа на вашем хост-компьютере разорвала установленное подключение
----------------------------------------
----------------------------------------
Exception occurred during processing of request from ('::1', 55054, 0, 0)
Traceback (most recent call last):
  File "C:\Users\Flower\AppData\Local\Programs\Python\Python312\Lib\socketserver.py", line 692, in process_request_thread
    self.finish_request(request, client_address)
  File "C:\Users\Flower\AppData\Local\Programs\Python\Python312\Lib\http\server.py", line 1311, in finish_request
    self.RequestHandlerClass(request, client_address, self,
  File "C:\Users\Flower\AppData\Local\Programs\Python\Python312\Lib\http\server.py", line 672, in __init__
    super().__init__(*args, **kwargs)
  File "C:\Users\Flower\AppData\Local\Programs\Python\Python312\Lib\socketserver.py", line 761, in __init__
    self.handle()
  File "C:\Users\Flower\AppData\Local\Programs\Python\Python312\Lib\http\server.py", line 436, in handle
    self.handle_one_request()
  File "C:\Users\Flower\AppData\Local\Programs\Python\Python312\Lib\http\server.py", line 424, in handle_one_request
    method()
  File "C:\Users\Flower\AppData\Local\Programs\Python\Python312\Lib\http\server.py", line 679, in do_GET
    self.copyfile(f, self.wfile)
  File "C:\Users\Flower\AppData\Local\Programs\Python\Python312\Lib\http\server.py", line 878, in copyfile
    shutil.copyfileobj(source, outputfile)
  File "C:\Users\Flower\AppData\Local\Programs\Python\Python312\Lib\shutil.py", line 204, in copyfileobj
    fdst_write(buf)
  File "C:\Users\Flower\AppData\Local\Programs\Python\Python312\Lib\socketserver.py", line 840, in write
    self._sock.sendall(b)
ConnectionAbortedError: [WinError 10053] Программа на вашем хост-компьютере разорвала установленное подключение
----------------------------------------
::1 - - [09/Aug/2026 19:17:24] "GET /assets/case-elina-web.mp4 HTTP/1.1" 200 -
----------------------------------------
Exception occurred during processing of request from ('::1', 61413, 0, 0)
Traceback (most recent call last):
  File "C:\Users\Flower\AppData\Local\Programs\Python\Python312\Lib\socketserver.py", line 692, in process_request_thread
    self.finish_request(request, client_address)
  File "C:\Users\Flower\AppData\Local\Programs\Python\Python312\Lib\http\server.py", line 1311, in finish_request
    self.RequestHandlerClass(request, client_address, self,
  File "C:\Users\Flower\AppData\Local\Programs\Python\Python312\Lib\http\server.py", line 672, in __init__
    super().__init__(*args, **kwargs)
  File "C:\Users\Flower\AppData\Local\Programs\Python\Python312\Lib\socketserver.py", line 761, in __init__
    self.handle()
  File "C:\Users\Flower\AppData\Local\Programs\Python\Python312\Lib\http\server.py", line 436, in handle
    self.handle_one_request()
  File "C:\Users\Flower\AppData\Local\Programs\Python\Python312\Lib\http\server.py", line 424, in handle_one_request
    method()
  File "C:\Users\Flower\AppData\Local\Programs\Python\Python312\Lib\http\server.py", line 679, in do_GET
    self.copyfile(f, self.wfile)
  File "C:\Users\Flower\AppData\Local\Programs\Python\Python312\Lib\http\server.py", line 878, in copyfile
    shutil.copyfileobj(source, outputfile)
  File "C:\Users\Flower\AppData\Local\Programs\Python\Python312\Lib\shutil.py", line 204, in copyfileobj
    fdst_write(buf)
  File "C:\Users\Flower\AppData\Local\Programs\Python\Python312\Lib\socketserver.py", line 840, in write
    self._sock.sendall(b)
ConnectionResetError: [WinError 10054] Удаленный хост принудительно разорвал существующее подключение
----------------------------------------
::1 - - [09/Aug/2026 19:17:24] "GET /assets/case-elina-web.mp4 HTTP/1.1" 200 -
----------------------------------------
Exception occurred during processing of request from ('::1', 51485, 0, 0)
Traceback (most recent call last):
  File "C:\Users\Flower\AppData\Local\Programs\Python\Python312\Lib\socketserver.py", line 692, in process_request_thread
    self.finish_request(request, client_address)
  File "C:\Users\Flower\AppData\Local\Programs\Python\Python312\Lib\http\server.py", line 1311, in finish_request
    self.RequestHandlerClass(request, client_address, self,
  File "C:\Users\Flower\AppData\Local\Programs\Python\Python312\Lib\http\server.py", line 672, in __init__
    super().__init__(*args, **kwargs)
  File "C:\Users\Flower\AppData\Local\Programs\Python\Python312\Lib\socketserver.py", line 761, in __init__
    self.handle()
  File "C:\Users\Flower\AppData\Local\Programs\Python\Python312\Lib\http\server.py", line 436, in handle
    self.handle_one_request()
  File "C:\Users\Flower\AppData\Local\Programs\Python\Python312\Lib\http\server.py", line 424, in handle_one_request
    method()
  File "C:\Users\Flower\AppData\Local\Programs\Python\Python312\Lib\http\server.py", line 679, in do_GET
    self.copyfile(f, self.wfile)
  File "C:\Users\Flower\AppData\Local\Programs\Python\Python312\Lib\http\server.py", line 878, in copyfile
    shutil.copyfileobj(source, outputfile)
  File "C:\Users\Flower\AppData\Local\Programs\Python\Python312\Lib\shutil.py", line 204, in copyfileobj
    fdst_write(buf)
  File "C:\Users\Flower\AppData\Local\Programs\Python\Python312\Lib\socketserver.py", line 840, in write
    self._sock.sendall(b)
ConnectionAbortedError: [WinError 10053] Программа на вашем хост-компьютере разорвала установленное подключение
----------------------------------------
::1 - - [09/Aug/2026 19:17:24] "GET /assets/case-elina-web.mp4 HTTP/1.1" 200 -
----------------------------------------
Exception occurred during processing of request from ('::1', 65228, 0, 0)
Traceback (most recent call last):
  File "C:\Users\Flower\AppData\Local\Programs\Python\Python312\Lib\socketserver.py", line 692, in process_request_thread
    self.finish_request(request, client_address)
  File "C:\Users\Flower\AppData\Local\Programs\Python\Python312\Lib\http\server.py", line 1311, in finish_request
    self.RequestHandlerClass(request, client_address, self,
  File "C:\Users\Flower\AppData\Local\Programs\Python\Python312\Lib\http\server.py", line 672, in __init__
    super().__init__(*args, **kwargs)
  File "C:\Users\Flower\AppData\Local\Programs\Python\Python312\Lib\socketserver.py", line 761, in __init__
    self.handle()
  File "C:\Users\Flower\AppData\Local\Programs\Python\Python312\Lib\http\server.py", line 436, in handle
    self.handle_one_request()
  File "C:\Users\Flower\AppData\Local\Programs\Python\Python312\Lib\http\server.py", line 424, in handle_one_request
    method()
  File "C:\Users\Flower\AppData\Local\Programs\Python\Python312\Lib\http\server.py", line 679, in do_GET
    self.copyfile(f, self.wfile)
  File "C:\Users\Flower\AppData\Local\Programs\Python\Python312\Lib\http\server.py", line 878, in copyfile
    shutil.copyfileobj(source, outputfile)
  File "C:\Users\Flower\AppData\Local\Programs\Python\Python312\Lib\shutil.py", line 204, in copyfileobj
    fdst_write(buf)
  File "C:\Users\Flower\AppData\Local\Programs\Python\Python312\Lib\socketserver.py", line 840, in write
    self._sock.sendall(b)
ConnectionResetError: [WinError 10054] Удаленный хост принудительно разорвал существующее подключение
----------------------------------------
